name,version,license_metadata,metadata_source,artifact_sha256,resolution_context
alembic,1.20.0,MIT,PEP 639 License-Expression field,77eb101048d95f982c0353e9233404889dcd7a6fc244c107836c0e2fc9cf7d9d,CADD Suite wheel 08a7b1ef; HEAD 6bd2006; pip 26.2.1; Linux x86_64; CPython 3.12.14; all declared extras resolved together
annotated-doc,0.0.5,MIT,PEP 639 License-Expression field,117bac03a25ede5df5440e855b32d556049ca169ead221505badf432fed4b101,CADD Suite wheel 08a7b1ef; HEAD 6bd2006; pip 26.2.1; Linux x86_64; CPython 3.12.14; all declared extras resolved together
annotated-types,0.8.0,MIT,PEP 639 License-Expression field,f072f4d804ea359e4eaf198b1af7a8b0943881a87f31bb764f8bf219bb9419e0,CADD Suite wheel 08a7b1ef; HEAD 6bd2006; pip 26.2.1; Linux x86_64; CPython 3.12.14; all declared extras resolved together
anyio,4.15.1,MIT,PEP 639 License-Expression field,6152fdbbf9a77fdec97731721bebf7c4c44f7c29b424b0065826173efc7ed101,CADD Suite wheel 08a7b1ef; HEAD 6bd2006; pip 26.2.1; Linux x86_64; CPython 3.12.14; all declared extras resolved together
ast_serialize,0.11.2,MIT,PEP 639 License-Expression field,a7004ba572f09be34342ccb98dcd4bad5707d3d81adc8cb4c3f685d2a2c51bbc,CADD Suite wheel 08a7b1ef; HEAD 6bd2006; pip 26.2.1; Linux x86_64; CPython 3.12.14; all declared extras resolved together
attrs,26.1.0,MIT,PEP 639 License-Expression field,c647aa4a12dfbad9333ca4e71fe62ddc36f4e63b2d260a37a8b83d2f043ac309,CADD Suite wheel 08a7b1ef; HEAD 6bd2006; pip 26.2.1; Linux x86_64; CPython 3.12.14; all declared extras resolved together
biopython,1.88,LicenseRef-Biopython-License-Agreement,PEP 639 License-Expression field,9384c30460832926e765319040d732d1252a713a05af1dd4cc8b19cb1d590439,CADD Suite wheel 08a7b1ef; HEAD 6bd2006; pip 26.2.1; Linux x86_64; CPython 3.12.14; all declared extras resolved together
caddsuite,0.1.0.dev0,Apache-2.0,PEP 639 License-Expression field,08a7b1efaa224b0553d7b25ae2e32c3c7aff06154e764e732cdd2032f63a2d48,CADD Suite wheel 08a7b1ef; HEAD 6bd2006; pip 26.2.1; Linux x86_64; CPython 3.12.14; all declared extras resolved together
certifi,2026.7.22,MPL-2.0,License metadata field (raw),62f22742b58a1a33014a2b6b706588a8d7e2a88ae7bd1a6ebe8c992928483775,CADD Suite wheel 08a7b1ef; HEAD 6bd2006; pip 26.2.1; Linux x86_64; CPython 3.12.14; all declared extras resolved together
charset-normalizer,3.5.2,MIT,License metadata field (raw),3d31298449090ab8d47b7b1b2a555ff73cac7ed438a08b7ac160980c7ebed649,CADD Suite wheel 08a7b1ef; HEAD 6bd2006; pip 26.2.1; Linux x86_64; CPython 3.12.14; all declared extras resolved together
click,8.5.0,BSD-3-Clause,PEP 639 License-Expression field,255bc9599cf7748b4b1a446ccc735421bd08a2ae529a8b88597d3de5664ee360,CADD Suite wheel 08a7b1ef; HEAD 6bd2006; pip 26.2.1; Linux x86_64; CPython 3.12.14; all declared extras resolved together
cloudpickle,3.1.2,BSD-3-Clause,License metadata field (raw),9acb47f6afd73f60dc1df93bb801b472f05ff42fa6c84167d25cb206be1fbf4a,CADD Suite wheel 08a7b1ef; HEAD 6bd2006; pip 26.2.1; Linux x86_64; CPython 3.12.14; all declared extras resolved together
contourpy,1.4.0,BSD-3-Clause,PEP 639 License-Expression field,875f42444c9cf48d56f724f2637e60d0f73b3b12c9041e1484580a233edf9591,CADD Suite wheel 08a7b1ef; HEAD 6bd2006; pip 26.2.1; Linux x86_64; CPython 3.12.14; all declared extras resolved together
coverage,7.16.2,Apache-2.0,License metadata field (raw),5375ebd99038021b35e99dc88255022912c06565d316212f4a576e4b08d30f5d,CADD Suite wheel 08a7b1ef; HEAD 6bd2006; pip 26.2.1; Linux x86_64; CPython 3.12.14; all declared extras resolved together
cycler,0.12.1,"Copyright (c) 2015, matplotlib project
All rights reserved.

Redistribution and use in source and binary forms, with or without
modification, are permitted provided that the following conditions are met:

* Redistributions of source code must retain the above copyright notice, this
  list of conditions and the following disclaimer.

* Redistributions in binary form must reproduce the above copyright notice,
  this list of conditions and the following disclaimer in the documentation
  and/or other materials provided with the distribution.

* Neither the name of the matplotlib project nor the names of its
  contributors may be used to endorse or promote products derived from
  this software without specific prior written permission.

THIS SOFTWARE IS PROVIDED BY THE COPYRIGHT HOLDERS AND CONTRIBUTORS ""AS IS""
AND ANY EXPRESS OR IMPLIED WARRANTIES, INCLUDING, BUT NOT LIMITED TO, THE
IMPLIED WARRANTIES OF MERCHANTABILITY AND FITNESS FOR A PARTICULAR PURPOSE ARE
DISCLAIMED. IN NO EVENT SHALL THE COPYRIGHT HOLDER OR CONTRIBUTORS BE LIABLE
FOR ANY DIRECT, INDIRECT, INCIDENTAL, SPECIAL, EXEMPLARY, OR CONSEQUENTIAL
DAMAGES (INCLUDING, BUT NOT LIMITED TO, PROCUREMENT OF SUBSTITUTE GOODS OR
SERVICES; LOSS OF USE, DATA, OR PROFITS; OR BUSINESS INTERRUPTION) HOWEVER
CAUSED AND ON ANY THEORY OF LIABILITY, WHETHER IN CONTRACT, STRICT LIABILITY,
OR TORT (INCLUDING NEGLIGENCE OR OTHERWISE) ARISING IN ANY WAY OUT OF THE USE
OF THIS SOFTWARE, EVEN IF ADVISED OF THE POSSIBILITY OF SUCH DAMAGE.",License metadata field (raw),85cef7cff222d8644161529808465972e51340599459b8ac3ccbac5a854e0d30,CADD Suite wheel 08a7b1ef; HEAD 6bd2006; pip 26.2.1; Linux x86_64; CPython 3.12.14; all declared extras resolved together
cyclopts,5.1.0,Apache-2.0,PEP 639 License-Expression field,adcddef2e86cf63383fb798aaa0767933961f499ced53f8db43a63e393c1b4ae,CADD Suite wheel 08a7b1ef; HEAD 6bd2006; pip 26.2.1; Linux x86_64; CPython 3.12.14; all declared extras resolved together
defusedxml,0.7.1,PSFL,License metadata field (raw),a352e7e428770286cc899e2542b6cdaedb2b4953ff269a210103ec58f6198a61,CADD Suite wheel 08a7b1ef; HEAD 6bd2006; pip 26.2.1; Linux x86_64; CPython 3.12.14; all declared extras resolved together
dimorphite_dl,2.0.2,Apache-2.0,PEP 639 License-Expression field,44125dfe2a5e1a37239f61914428d7f51d8fa61ec701a1337e71c293514133a8,CADD Suite wheel 08a7b1ef; HEAD 6bd2006; pip 26.2.1; Linux x86_64; CPython 3.12.14; all declared extras resolved together
docstring_parser,0.18.0,MIT,License metadata field (raw),b3fcbed555c47d8479be0796ef7e19c2670d428d72e96da63f3a40122860374b,CADD Suite wheel 08a7b1ef; HEAD 6bd2006; pip 26.2.1; Linux x86_64; CPython 3.12.14; all declared extras resolved together
fastapi,0.142.2,MIT,PEP 639 License-Expression field,bd5f4d81f1e93a88bcd77caf4dfe3c2dbffc3805407a0007e9a114c18b3a670b,CADD Suite wheel 08a7b1ef; HEAD 6bd2006; pip 26.2.1; Linux x86_64; CPython 3.12.14; all declared extras resolved together
filelock,4.0.7,MIT,PEP 639 License-Expression field,a93c4d93269b339a6af4848342c7e940d0f9928ad95eff64764699e5f1bf8a6a,CADD Suite wheel 08a7b1ef; HEAD 6bd2006; pip 26.2.1; Linux x86_64; CPython 3.12.14; all declared extras resolved together
fonttools,4.66.1,MIT,License metadata field (raw),7b8ff9e0edbcee2fbf7dff0c41b9041c1901c26acf64e23adb67495012df11de,CADD Suite wheel 08a7b1ef; HEAD 6bd2006; pip 26.2.1; Linux x86_64; CPython 3.12.14; all declared extras resolved together
greenlet,3.5.6,MIT AND PSF-2.0,PEP 639 License-Expression field,975736b002ed080d124cf81a79cb7e05cb26d6b3f5c7a7b651c0fcce70353aa1,CADD Suite wheel 08a7b1ef; HEAD 6bd2006; pip 26.2.1; Linux x86_64; CPython 3.12.14; all declared extras resolved together
GridDataFormats,1.2.0,LGPL-3.0-or-later,PEP 639 License-Expression field,b42f0a823ce6f526c0052515047237b233748f2bdc38fc797fc37c7df81a8dd5,CADD Suite wheel 08a7b1ef; HEAD 6bd2006; pip 26.2.1; Linux x86_64; CPython 3.12.14; all declared extras resolved together
grimp,3.17,BSD 2-Clause License,License metadata field (raw),ecf26d99a35ab7b5966af56118bb9344d1fd1b972d3c45dd5012effc7a68c844,CADD Suite wheel 08a7b1ef; HEAD 6bd2006; pip 26.2.1; Linux x86_64; CPython 3.12.14; all declared extras resolved together
h11,0.16.0,MIT,License metadata field (raw),63cf8bbe7522de3bf65932fda1d9c2772064ffb3dae62d55932da54b31cb6c86,CADD Suite wheel 08a7b1ef; HEAD 6bd2006; pip 26.2.1; Linux x86_64; CPython 3.12.14; all declared extras resolved together
httpcore,1.0.9,BSD-3-Clause,PEP 639 License-Expression field,2d400746a40668fc9dec9810239072b40b4484b640a8c38fd654a024c7a1bf55,CADD Suite wheel 08a7b1ef; HEAD 6bd2006; pip 26.2.1; Linux x86_64; CPython 3.12.14; all declared extras resolved together
httpx,0.28.1,BSD-3-Clause,License metadata field (raw),d909fcccc110f8c7faf814ca82a9a4d816bc5a6dbfea25d6591d6985b8ba59ad,CADD Suite wheel 08a7b1ef; HEAD 6bd2006; pip 26.2.1; Linux x86_64; CPython 3.12.14; all declared extras resolved together
hypothesis,6.168.3,MPL-2.0,PEP 639 License-Expression field,9b2d47f5d9060b049039bef0b267e88480f6468f95ee394e514e84a81ccdc5f5,CADD Suite wheel 08a7b1ef; HEAD 6bd2006; pip 26.2.1; Linux x86_64; CPython 3.12.14; all declared extras resolved together
idna,3.20,BSD-3-Clause,PEP 639 License-Expression field,ab7ae7122974553370f0bdb919e1a960b2cd1bc1ef0276416d896db81c14582c,CADD Suite wheel 08a7b1ef; HEAD 6bd2006; pip 26.2.1; Linux x86_64; CPython 3.12.14; all declared extras resolved together
ImageIO,2.38.0,BSD-2-Clause,PEP 639 License-Expression field,474ea3a39e36e0e8e02d81d7f10412aaecec7a2825e5fbc4f44cbcd7bb7cebfc,CADD Suite wheel 08a7b1ef; HEAD 6bd2006; pip 26.2.1; Linux x86_64; CPython 3.12.14; all declared extras resolved together
import-linter,2.15,BSD 2-Clause License,License metadata field (raw),9aaf16a88ac1e99d5a464cd7f66b6a05f7060bfa761162e0ed441773a267ed3b,CADD Suite wheel 08a7b1ef; HEAD 6bd2006; pip 26.2.1; Linux x86_64; CPython 3.12.14; all declared extras resolved together
iniconfig,2.3.0,MIT,PEP 639 License-Expression field,f631c04d2c48c52b84d0d0549c99ff3859c98df65b3101406327ecc7d53fbf12,CADD Suite wheel 08a7b1ef; HEAD 6bd2006; pip 26.2.1; Linux x86_64; CPython 3.12.14; all declared extras resolved together
joblib,1.6.0,BSD-3-Clause,PEP 639 License-Expression field,3dbbf9f6e4b592a2357b854608e980fe6390d131d7a82f011a377ef2ebef7aba,CADD Suite wheel 08a7b1ef; HEAD 6bd2006; pip 26.2.1; Linux x86_64; CPython 3.12.14; all declared extras resolved together
kiwisolver,1.5.1,"=========================
 The Kiwi licensing terms
=========================
Kiwi is licensed under the terms of the Modified BSD License (also known as
New or Revised BSD), as follows:

Copyright (c) 2013-2026, Nucleic Development Team

All rights reserved.

Redistribution and use in source and binary forms, with or without
modification, are permitted provided that the following conditions are met:

Redistributions of source code must retain the above copyright notice, this
list of conditions and the following disclaimer.

Redistributions in binary form must reproduce the above copyright notice, this
list of conditions and the following disclaimer in the documentation and/or
other materials provided with the distribution.

Neither the name of the Nucleic Development Team nor the names of its
contributors may be used to endorse or promote products derived from this
software without specific prior written permission.

THIS SOFTWARE IS PROVIDED BY THE COPYRIGHT HOLDERS AND CONTRIBUTORS ""AS IS"" AND
ANY EXPRESS OR IMPLIED WARRANTIES, INCLUDING, BUT NOT LIMITED TO, THE IMPLIED
WARRANTIES OF MERCHANTABILITY AND FITNESS FOR A PARTICULAR PURPOSE ARE
DISCLAIMED.  IN NO EVENT SHALL THE COPYRIGHT OWNER OR CONTRIBUTORS BE LIABLE
FOR ANY DIRECT, INDIRECT, INCIDENTAL, SPECIAL, EXEMPLARY, OR CONSEQUENTIAL
DAMAGES (INCLUDING, BUT NOT LIMITED TO, PROCUREMENT OF SUBSTITUTE GOODS OR
SERVICES; LOSS OF USE, DATA, OR PROFITS; OR BUSINESS INTERRUPTION) HOWEVER
CAUSED AND ON ANY THEORY OF LIABILITY, WHETHER IN CONTRACT, STRICT LIABILITY,
OR TORT (INCLUDING NEGLIGENCE OR OTHERWISE) ARISING IN ANY WAY OUT OF THE USE
OF THIS SOFTWARE, EVEN IF ADVISED OF THE POSSIBILITY OF SUCH DAMAGE.

About Kiwi
----------
Chris Colbert began the Kiwi project in December 2013 in an effort to
create a blisteringly fast UI constraint solver. Chris is still the
project lead.

The Nucleic Development Team is the set of all contributors to the Nucleic
project and its subprojects.

The core team that coordinates development on GitHub can be found here:
http://github.com/nucleic. The current team consists of:

* Chris Colbert

Our Copyright Policy
--------------------
Nucleic uses a shared copyright model. Each contributor maintains copyright
over their contributions to Nucleic. But, it is important to note that these
contributions are typically only changes to the repositories. Thus, the Nucleic
source code, in its entirety is not the copyright of any single person or
institution. Instead, it is the collective copyright of the entire Nucleic
Development Team. If individual contributors want to maintain a record of what
changes/contributions they have specific copyright on, they should indicate
their copyright in the commit message of the change, when they commit the
change to one of the Nucleic repositories.

With this in mind, the following banner should be used in any source code file
to indicate the copyright and license terms:

#------------------------------------------------------------------------------
# Copyright (c) 2013-2026, Nucleic Development Team.
#
# Distributed under the terms of the Modified BSD License.
#
# The full license is in the file LICENSE, distributed with this software.
#------------------------------------------------------------------------------",License metadata field (raw),34633ecf50d16187ab8e5528b7a2530f2feb4e23f300db4672538b51cfc5cd38,CADD Suite wheel 08a7b1ef; HEAD 6bd2006; pip 26.2.1; Linux x86_64; CPython 3.12.14; all declared extras resolved together
lazy-loader,0.6,BSD-3-Clause,PEP 639 License-Expression field,77253be3391b06124a0e16105bd663b6c54470af1a9ca8e1cf026f38d58ed056,CADD Suite wheel 08a7b1ef; HEAD 6bd2006; pip 26.2.1; Linux x86_64; CPython 3.12.14; all declared extras resolved together
librt,0.16.0,MIT,PEP 639 License-Expression field,36e53948e99bbe3ffea257124cfcae1cfb01831555c9a9c903c9f9a72db7fd07,CADD Suite wheel 08a7b1ef; HEAD 6bd2006; pip 26.2.1; Linux x86_64; CPython 3.12.14; all declared extras resolved together
loguru,0.7.3,MIT,PyPI 0.7.3 release page; wheel contains no license file,31a33c10c8e1e10422bfd431aeb5d351c7cf7fa671e3c4df004162264b28220c,CADD Suite wheel 08a7b1ef; HEAD 6bd2006; pip 26.2.1; Linux x86_64; CPython 3.12.14; all declared extras resolved together
Mako,1.4.3,MIT,PEP 639 License-Expression field,723296007c870bfd6b3f0c3230dba7198096e5269297ebf5e4eff9e7ffa39d4f,CADD Suite wheel 08a7b1ef; HEAD 6bd2006; pip 26.2.1; Linux x86_64; CPython 3.12.14; all declared extras resolved together
markdown-it-py,4.2.0,MIT,Official PyPI 4.2.0 release page; MIT classifier,9f7ebbcd14fe59494226453aed97c1070d83f8d24b6fc3a3bcf9a38092641c4a,CADD Suite wheel 08a7b1ef; HEAD 6bd2006; pip 26.2.1; Linux x86_64; CPython 3.12.14; all declared extras resolved together
MarkupSafe,3.0.3,BSD-3-Clause,PEP 639 License-Expression field,d6dd0be5b5b189d31db7cda48b91d7e0a9795f31430b7f271219ab30f1d3ac9d,CADD Suite wheel 08a7b1ef; HEAD 6bd2006; pip 26.2.1; Linux x86_64; CPython 3.12.14; all declared extras resolved together
matplotlib,3.11.2,"License agreement for matplotlib versions 1.3.0 and later
 =========================================================

 1. This LICENSE AGREEMENT is between the Matplotlib Development Team
 (""MDT""), and the Individual or Organization (""Licensee"") accessing and
 otherwise using matplotlib software in source or binary form and its
 associated documentation.

 2. Subject to the terms and conditions of this License Agreement, MDT
 hereby grants Licensee a nonexclusive, royalty-free, world-wide license
 to reproduce, analyze, test, perform and/or display publicly, prepare
 derivative works, distribute, and otherwise use matplotlib
 alone or in any derivative version, provided, however, that MDT's
 License Agreement and MDT's notice of copyright, i.e., ""Copyright (c)
 2012- Matplotlib Development Team; All Rights Reserved"" are retained in
 matplotlib  alone or in any derivative version prepared by
 Licensee.

 3. In the event Licensee prepares a derivative work that is based on or
 incorporates matplotlib or any part thereof, and wants to
 make the derivative work available to others as provided herein, then
 Licensee hereby agrees to include in any such work a brief summary of
 the changes made to matplotlib .

 4. MDT is making matplotlib available to Licensee on an ""AS
 IS"" basis.  MDT MAKES NO REPRESENTATIONS OR WARRANTIES, EXPRESS OR
 IMPLIED.  BY WAY OF EXAMPLE, BUT NOT LIMITATION, MDT MAKES NO AND
 DISCLAIMS ANY REPRESENTATION OR WARRANTY OF MERCHANTABILITY OR FITNESS
 FOR ANY PARTICULAR PURPOSE OR THAT THE USE OF MATPLOTLIB
 WILL NOT INFRINGE ANY THIRD PARTY RIGHTS.

 5. MDT SHALL NOT BE LIABLE TO LICENSEE OR ANY OTHER USERS OF MATPLOTLIB
  FOR ANY INCIDENTAL, SPECIAL, OR CONSEQUENTIAL DAMAGES OR
 LOSS AS A RESULT OF MODIFYING, DISTRIBUTING, OR OTHERWISE USING
 MATPLOTLIB , OR ANY DERIVATIVE THEREOF, EVEN IF ADVISED OF
 THE POSSIBILITY THEREOF.

 6. This License Agreement will automatically terminate upon a material
 breach of its terms and conditions.

 7. Nothing in this License Agreement shall be deemed to create any
 relationship of agency, partnership, or joint venture between MDT and
 Licensee.  This License Agreement does not grant permission to use MDT
 trademarks or trade name in a trademark sense to endorse or promote
 products or services of Licensee, or any third party.

 8. By copying, installing or otherwise using matplotlib ,
 Licensee agrees to be bound by the terms and conditions of this License
 Agreement.

 License agreement for matplotlib versions prior to 1.3.0
 ========================================================

 1. This LICENSE AGREEMENT is between John D. Hunter (""JDH""), and the
 Individual or Organization (""Licensee"") accessing and otherwise using
 matplotlib software in source or binary form and its associated
 documentation.

 2. Subject to the terms and conditions of this License Agreement, JDH
 hereby grants Licensee a nonexclusive, royalty-free, world-wide license
 to reproduce, analyze, test, perform and/or display publicly, prepare
 derivative works, distribute, and otherwise use matplotlib
 alone or in any derivative version, provided, however, that JDH's
 License Agreement and JDH's notice of copyright, i.e., ""Copyright (c)
 2002-2011 John D. Hunter; All Rights Reserved"" are retained in
 matplotlib  alone or in any derivative version prepared by
 Licensee.

 3. In the event Licensee prepares a derivative work that is based on or
 incorporates matplotlib  or any part thereof, and wants to
 make the derivative work available to others as provided herein, then
 Licensee hereby agrees to include in any such work a brief summary of
 the changes made to matplotlib.

 4. JDH is making matplotlib  available to Licensee on an ""AS
 IS"" basis.  JDH MAKES NO REPRESENTATIONS OR WARRANTIES, EXPRESS OR
 IMPLIED.  BY WAY OF EXAMPLE, BUT NOT LIMITATION, JDH MAKES NO AND
 DISCLAIMS ANY REPRESENTATION OR WARRANTY OF MERCHANTABILITY OR FITNESS
 FOR ANY PARTICULAR PURPOSE OR THAT THE USE OF MATPLOTLIB
 WILL NOT INFRINGE ANY THIRD PARTY RIGHTS.

 5. JDH SHALL NOT BE LIABLE TO LICENSEE OR ANY OTHER USERS OF MATPLOTLIB
  FOR ANY INCIDENTAL, SPECIAL, OR CONSEQUENTIAL DAMAGES OR
 LOSS AS A RESULT OF MODIFYING, DISTRIBUTING, OR OTHERWISE USING
 MATPLOTLIB , OR ANY DERIVATIVE THEREOF, EVEN IF ADVISED OF
 THE POSSIBILITY THEREOF.

 6. This License Agreement will automatically terminate upon a material
 breach of its terms and conditions.

 7. Nothing in this License Agreement shall be deemed to create any
 relationship of agency, partnership, or joint venture between JDH and
 Licensee.  This License Agreement does not grant permission to use JDH
 trademarks or trade name in a trademark sense to endorse or promote
 products or services of Licensee, or any third party.

 8. By copying, installing or otherwise using matplotlib,
 Licensee agrees to be bound by the terms and conditions of this License
 Agreement.
 ----

 This binary distrubution of Matplotlib can also bundle the following software
 (depending on the build):

 Name: AMS Fonts
 Files: matplotlib/tests/cmr10.pfb
 Description: Type-1 version of one of Knuth's Computer Modern fonts
 License: OFL-1.1
   The cmr10.pfb file is a Type-1 version of one of Knuth's Computer Modern fonts.
   It is included here as test data only, but the following license applies.

   Copyright (c) 1997, 2009, American Mathematical Society (http://www.ams.org).
   All Rights Reserved.

   ""cmb10"" is a Reserved Font Name for this Font Software.
   ""cmbsy10"" is a Reserved Font Name for this Font Software.
   ""cmbsy5"" is a Reserved Font Name for this Font Software.
   ""cmbsy6"" is a Reserved Font Name for this Font Software.
   ""cmbsy7"" is a Reserved Font Name for this Font Software.
   ""cmbsy8"" is a Reserved Font Name for this Font Software.
   ""cmbsy9"" is a Reserved Font Name for this Font Software.
   ""cmbx10"" is a Reserved Font Name for this Font Software.
   ""cmbx12"" is a Reserved Font Name for this Font Software.
   ""cmbx5"" is a Reserved Font Name for this Font Software.
   ""cmbx6"" is a Reserved Font Name for this Font Software.
   ""cmbx7"" is a Reserved Font Name for this Font Software.
   ""cmbx8"" is a Reserved Font Name for this Font Software.
   ""cmbx9"" is a Reserved Font Name for this Font Software.
   ""cmbxsl10"" is a Reserved Font Name for this Font Software.
   ""cmbxti10"" is a Reserved Font Name for this Font Software.
   ""cmcsc10"" is a Reserved Font Name for this Font Software.
   ""cmcsc8"" is a Reserved Font Name for this Font Software.
   ""cmcsc9"" is a Reserved Font Name for this Font Software.
   ""cmdunh10"" is a Reserved Font Name for this Font Software.
   ""cmex10"" is a Reserved Font Name for this Font Software.
   ""cmex7"" is a Reserved Font Name for this Font Software.
   ""cmex8"" is a Reserved Font Name for this Font Software.
   ""cmex9"" is a Reserved Font Name for this Font Software.
   ""cmff10"" is a Reserved Font Name for this Font Software.
   ""cmfi10"" is a Reserved Font Name for this Font Software.
   ""cmfib8"" is a Reserved Font Name for this Font Software.
   ""cminch"" is a Reserved Font Name for this Font Software.
   ""cmitt10"" is a Reserved Font Name for this Font Software.
   ""cmmi10"" is a Reserved Font Name for this Font Software.
   ""cmmi12"" is a Reserved Font Name for this Font Software.
   ""cmmi5"" is a Reserved Font Name for this Font Software.
   ""cmmi6"" is a Reserved Font Name for this Font Software.
   ""cmmi7"" is a Reserved Font Name for this Font Software.
   ""cmmi8"" is a Reserved Font Name for this Font Software.
   ""cmmi9"" is a Reserved Font Name for this Font Software.
   ""cmmib10"" is a Reserved Font Name for this Font Software.
   ""cmmib5"" is a Reserved Font Name for this Font Software.
   ""cmmib6"" is a Reserved Font Name for this Font Software.
   ""cmmib7"" is a Reserved Font Name for this Font Software.
   ""cmmib8"" is a Reserved Font Name for this Font Software.
   ""cmmib9"" is a Reserved Font Name for this Font Software.
   ""cmr10"" is a Reserved Font Name for this Font Software.
   ""cmr12"" is a Reserved Font Name for this Font Software.
   ""cmr17"" is a Reserved Font Name for this Font Software.
   ""cmr5"" is a Reserved Font Name for this Font Software.
   ""cmr6"" is a Reserved Font Name for this Font Software.
   ""cmr7"" is a Reserved Font Name for this Font Software.
   ""cmr8"" is a Reserved Font Name for this Font Software.
   ""cmr9"" is a Reserved Font Name for this Font Software.
   ""cmsl10"" is a Reserved Font Name for this Font Software.
   ""cmsl12"" is a Reserved Font Name for this Font Software.
   ""cmsl8"" is a Reserved Font Name for this Font Software.
   ""cmsl9"" is a Reserved Font Name for this Font Software.
   ""cmsltt10"" is a Reserved Font Name for this Font Software.
   ""cmss10"" is a Reserved Font Name for this Font Software.
   ""cmss12"" is a Reserved Font Name for this Font Software.
   ""cmss17"" is a Reserved Font Name for this Font Software.
   ""cmss8"" is a Reserved Font Name for this Font Software.
   ""cmss9"" is a Reserved Font Name for this Font Software.
   ""cmssbx10"" is a Reserved Font Name for this Font Software.
   ""cmssdc10"" is a Reserved Font Name for this Font Software.
   ""cmssi10"" is a Reserved Font Name for this Font Software.
   ""cmssi12"" is a Reserved Font Name for this Font Software.
   ""cmssi17"" is a Reserved Font Name for this Font Software.
   ""cmssi8"" is a Reserved Font Name for this Font Software.
   ""cmssi9"" is a Reserved Font Name for this Font Software.
   ""cmssq8"" is a Reserved Font Name for this Font Software.
   ""cmssqi8"" is a Reserved Font Name for this Font Software.
   ""cmsy10"" is a Reserved Font Name for this Font Software.
   ""cmsy5"" is a Reserved Font Name for this Font Software.
   ""cmsy6"" is a Reserved Font Name for this Font Software.
   ""cmsy7"" is a Reserved Font Name for this Font Software.
   ""cmsy8"" is a Reserved Font Name for this Font Software.
   ""cmsy9"" is a Reserved Font Name for this Font Software.
   ""cmtcsc10"" is a Reserved Font Name for this Font Software.
   ""cmtex10"" is a Reserved Font Name for this Font Software.
   ""cmtex8"" is a Reserved Font Name for this Font Software.
   ""cmtex9"" is a Reserved Font Name for this Font Software.
   ""cmti10"" is a Reserved Font Name for this Font Software.
   ""cmti12"" is a Reserved Font Name for this Font Software.
   ""cmti7"" is a Reserved Font Name for this Font Software.
   ""cmti8"" is a Reserved Font Name for this Font Software.
   ""cmti9"" is a Reserved Font Name for this Font Software.
   ""cmtt10"" is a Reserved Font Name for this Font Software.
   ""cmtt12"" is a Reserved Font Name for this Font Software.
   ""cmtt8"" is a Reserved Font Name for this Font Software.
   ""cmtt9"" is a Reserved Font Name for this Font Software.
   ""cmu10"" is a Reserved Font Name for this Font Software.
   ""cmvtt10"" is a Reserved Font Name for this Font Software.
   ""euex10"" is a Reserved Font Name for this Font Software.
   ""euex7"" is a Reserved Font Name for this Font Software.
   ""euex8"" is a Reserved Font Name for this Font Software.
   ""euex9"" is a Reserved Font Name for this Font Software.
   ""eufb10"" is a Reserved Font Name for this Font Software.
   ""eufb5"" is a Reserved Font Name for this Font Software.
   ""eufb7"" is a Reserved Font Name for this Font Software.
   ""eufm10"" is a Reserved Font Name for this Font Software.
   ""eufm5"" is a Reserved Font Name for this Font Software.
   ""eufm7"" is a Reserved Font Name for this Font Software.
   ""eurb10"" is a Reserved Font Name for this Font Software.
   ""eurb5"" is a Reserved Font Name for this Font Software.
   ""eurb7"" is a Reserved Font Name for this Font Software.
   ""eurm10"" is a Reserved Font Name for this Font Software.
   ""eurm5"" is a Reserved Font Name for this Font Software.
   ""eurm7"" is a Reserved Font Name for this Font Software.
   ""eusb10"" is a Reserved Font Name for this Font Software.
   ""eusb5"" is a Reserved Font Name for this Font Software.
   ""eusb7"" is a Reserved Font Name for this Font Software.
   ""eusm10"" is a Reserved Font Name for this Font Software.
   ""eusm5"" is a Reserved Font Name for this Font Software.
   ""eusm7"" is a Reserved Font Name for this Font Software.
   ""lasy10"" is a Reserved Font Name for this Font Software.
   ""lasy5"" is a Reserved Font Name for this Font Software.
   ""lasy6"" is a Reserved Font Name for this Font Software.
   ""lasy7"" is a Reserved Font Name for this Font Software.
   ""lasy8"" is a Reserved Font Name for this Font Software.
   ""lasy9"" is a Reserved Font Name for this Font Software.
   ""lasyb10"" is a Reserved Font Name for this Font Software.
   ""lcircle1"" is a Reserved Font Name for this Font Software.
   ""lcirclew"" is a Reserved Font Name for this Font Software.
   ""lcmss8"" is a Reserved Font Name for this Font Software.
   ""lcmssb8"" is a Reserved Font Name for this Font Software.
   ""lcmssi8"" is a Reserved Font Name for this Font Software.
   ""line10"" is a Reserved Font Name for this Font Software.
   ""linew10"" is a Reserved Font Name for this Font Software.
   ""msam10"" is a Reserved Font Name for this Font Software.
   ""msam5"" is a Reserved Font Name for this Font Software.
   ""msam6"" is a Reserved Font Name for this Font Software.
   ""msam7"" is a Reserved Font Name for this Font Software.
   ""msam8"" is a Reserved Font Name for this Font Software.
   ""msam9"" is a Reserved Font Name for this Font Software.
   ""msbm10"" is a Reserved Font Name for this Font Software.
   ""msbm5"" is a Reserved Font Name for this Font Software.
   ""msbm6"" is a Reserved Font Name for this Font Software.
   ""msbm7"" is a Reserved Font Name for this Font Software.
   ""msbm8"" is a Reserved Font Name for this Font Software.
   ""msbm9"" is a Reserved Font Name for this Font Software.
   ""wncyb10"" is a Reserved Font Name for this Font Software.
   ""wncyi10"" is a Reserved Font Name for this Font Software.
   ""wncyr10"" is a Reserved Font Name for this Font Software.
   ""wncysc10"" is a Reserved Font Name for this Font Software.
   ""wncyss10"" is a Reserved Font Name for this Font Software.

   This Font Software is licensed under the SIL Open Font License, Version 1.1.
   This license is copied below, and is also available with a FAQ at:
   http://scripts.sil.org/OFL

   -----------------------------------------------------------
   SIL OPEN FONT LICENSE Version 1.1 - 26 February 2007
   -----------------------------------------------------------

   PREAMBLE
   The goals of the Open Font License (OFL) are to stimulate worldwide
   development of collaborative font projects, to support the font creation
   efforts of academic and linguistic communities, and to provide a free and
   open framework in which fonts may be shared and improved in partnership
   with others.

   The OFL allows the licensed fonts to be used, studied, modified and
   redistributed freely as long as they are not sold by themselves. The
   fonts, including any derivative works, can be bundled, embedded,
   redistributed and/or sold with any software provided that any reserved
   names are not used by derivative works. The fonts and derivatives,
   however, cannot be released under any other type of license. The
   requirement for fonts to remain under this license does not apply
   to any document created using the fonts or their derivatives.

   DEFINITIONS
   ""Font Software"" refers to the set of files released by the Copyright
   Holder(s) under this license and clearly marked as such. This may
   include source files, build scripts and documentation.

   ""Reserved Font Name"" refers to any names specified as such after the
   copyright statement(s).

   ""Original Version"" refers to the collection of Font Software components as
   distributed by the Copyright Holder(s).

   ""Modified Version"" refers to any derivative made by adding to, deleting,
   or substituting -- in part or in whole -- any of the components of the
   Original Version, by changing formats or by porting the Font Software to a
   new environment.

   ""Author"" refers to any designer, engineer, programmer, technical
   writer or other person who contributed to the Font Software.

   PERMISSION & CONDITIONS
   Permission is hereby granted, free of charge, to any person obtaining
   a copy of the Font Software, to use, study, copy, merge, embed, modify,
   redistribute, and sell modified and unmodified copies of the Font
   Software, subject to the following conditions:

   1) Neither the Font Software nor any of its individual components,
   in Original or Modified Versions, may be sold by itself.

   2) Original or Modified Versions of the Font Software may be bundled,
   redistributed and/or sold with any software, provided that each copy
   contains the above copyright notice and this license. These can be
   included either as stand-alone text files, human-readable headers or
   in the appropriate machine-readable metadata fields within text or
   binary files as long as those fields can be easily viewed by the user.

   3) No Modified Version of the Font Software may use the Reserved Font
   Name(s) unless explicit written permission is granted by the corresponding
   Copyright Holder. This restriction only applies to the primary font name as
   presented to the users.

   4) The name(s) of the Copyright Holder(s) or the Author(s) of the Font
   Software shall not be used to promote, endorse or advertise any
   Modified Version, except to acknowledge the contribution(s) of the
   Copyright Holder(s) and the Author(s) or with their explicit written
   permission.

   5) The Font Software, modified or unmodified, in part or in whole,
   must be distributed entirely under this license, and must not be
   distributed under any other license. The requirement for fonts to
   remain under this license does not apply to any document created
   using the Font Software.

   TERMINATION
   This license becomes null and void if any of the above conditions are
   not met.

   DISCLAIMER
   THE FONT SOFTWARE IS PROVIDED ""AS IS"", WITHOUT WARRANTY OF ANY KIND,
   EXPRESS OR IMPLIED, INCLUDING BUT NOT LIMITED TO ANY WARRANTIES OF
   MERCHANTABILITY, FITNESS FOR A PARTICULAR PURPOSE AND NONINFRINGEMENT
   OF COPYRIGHT, PATENT, TRADEMARK, OR OTHER RIGHT. IN NO EVENT SHALL THE
   COPYRIGHT HOLDER BE LIABLE FOR ANY CLAIM, DAMAGES OR OTHER LIABILITY,
   INCLUDING ANY GENERAL, SPECIAL, INDIRECT, INCIDENTAL, OR CONSEQUENTIAL
   DAMAGES, WHETHER IN AN ACTION OF CONTRACT, TORT OR OTHERWISE, ARISING
   FROM, OUT OF THE USE OR INABILITY TO USE THE FONT SOFTWARE OR FROM
   OTHER DEALINGS IN THE FONT SOFTWARE.



 Name: BaKoMa Fonts
 Files: matplotlib/mpl-data/fonts/ttf/cm*.ttf matplotlib/mpl-data/fonts/afm/cm*.afm
 Description: Computer Modern Fonts in PostScript Type 1 and TrueType font formats.
 License: BaKoMa Fonts Licence
         BaKoMa Fonts Licence
         --------------------

     This licence covers two font packs (known as BaKoMa Fonts Collection,
     which is available at `CTAN:fonts/cm/ps-type1/bakoma/'):

       1) BaKoMa-CM (1.1/12-Nov-94)
          Computer Modern Fonts in PostScript Type 1 and TrueType font formats.

       2) BaKoMa-AMS (1.2/19-Jan-95)
          AMS TeX fonts in PostScript Type 1 and TrueType font formats.

     Copyright (C) 1994, 1995, Basil K. Malyshev. All Rights Reserved.

     Permission to copy and distribute these fonts for any purpose is
     hereby granted without fee, provided that the above copyright notice,
     author statement and this permission notice appear in all copies of
     these fonts and related documentation.

     Permission to modify and distribute modified fonts for any purpose is
     hereby granted without fee, provided that the copyright notice,
     author statement, this permission notice and location of original
     fonts (http://www.ctan.org/tex-archive/fonts/cm/ps-type1/bakoma)
     appear in all copies of modified fonts and related documentation.

     Permission to use these fonts (embedding into PostScript, PDF, SVG
     and printing by using any software) is hereby granted without fee.
     It is not required to provide any notices about using these fonts.

    Basil K. Malyshev
    INSTITUTE FOR HIGH ENERGY PHYSICS
    IHEP, OMVT
    Moscow Region
    142281 PROTVINO
    RUSSIA

    E-Mail:	bakoma@mail.ru
         or	malyshev@mail.ihep.ru




 Name: ColorBrewer Color Schemes
 Files: lib/matplotlib/_cm.py
 Description: Color schemes from ColorBrewer
 License: Apache-2.0
   Apache-Style Software License for ColorBrewer software and ColorBrewer Color Schemes

   Copyright (c) 2002 Cynthia Brewer, Mark Harrower, and The Pennsylvania State University.

   Licensed under the Apache License, Version 2.0 (the ""License""); you may not use this file except in compliance with the License.
   You may obtain a copy of the License at

   http://www.apache.org/licenses/LICENSE-2.0

   Unless required by applicable law or agreed to in writing, software distributed
   under the License is distributed on an ""AS IS"" BASIS, WITHOUT WARRANTIES OR
   CONDITIONS OF ANY KIND, either express or implied. See the License for the
   specific language governing permissions and limitations under the License.


 Name: Courier 10
 Files: matplotlib/tests/Courier10PitchBT-Bold.pfb
 Description: Courier 10 font, used in tests.
 License: Bitstream-Charter
   The Courier10PitchBT-Bold.pfb file is a Type-1 version of
   Courier 10 Pitch BT Bold by Bitstream, obtained from
   <https://ctan.org/tex-archive/fonts/courierten>. It is included
   here as test data only, but the following license applies.


   (c) Copyright 1989-1992, Bitstream Inc., Cambridge, MA.

   You are hereby granted permission under all Bitstream propriety rights
   to use, copy, modify, sublicense, sell, and redistribute the 4 Bitstream
   Charter (r) Type 1 outline fonts and the 4 Courier Type 1 outline fonts
   for any purpose and without restriction; provided, that this notice is
   left intact on all copies of such fonts and that Bitstream's trademark
   is acknowledged as shown below on all unmodified copies of the 4 Charter
   Type 1 fonts.

   BITSTREAM CHARTER is a registered trademark of Bitstream Inc.


 Name: FreeType
 Files: matplotlib/ft2font.*.so
 Description: Font rendering library
 License: FTL OR GPL-2.0-or-later
   The FreeType  2 font  engine is  copyrighted work  and cannot  be used
   legally without  a software  license.  In order  to make  this project
   usable to  a vast majority of  developers, we distribute it  under two
   mutually exclusive open-source licenses.

   This means that *you* must choose  *one* of the two licenses described
   below, then obey all its terms and conditions when using FreeType 2 in
   any of your projects or products.

     - The FreeType License,  found in the file  `docs/FTL.TXT`, which is
       similar to the  original BSD license *with*  an advertising clause
       that forces  you to explicitly  cite the FreeType project  in your
       product's  documentation.  All  details are  in the  license file.
       This license is suited to products which don't use the GNU General
       Public License.

       Note that  this license  is compatible to  the GNU  General Public
       License version 3, but not version 2.

     - The   GNU   General   Public   License   version   2,   found   in
       `docs/GPLv2.TXT`  (any  later  version  can  be  used  also),  for
       programs  which  already  use  the  GPL.  Note  that  the  FTL  is
       incompatible with GPLv2 due to its advertisement clause.

   The contributed  BDF and PCF  drivers come  with a license  similar to
   that  of the  X Window  System.   It is  compatible to  the above  two
   licenses (see files `src/bdf/README`  and `src/pcf/README`).  The same
   holds   for   the   source    code   files   `src/base/fthash.c`   and
   `include/freetype/internal/fthash.h`; they were part of the BDF driver
   in earlier FreeType versions.

   The gzip  module uses the  zlib license (see  `src/gzip/zlib.h`) which
   too is compatible to the above two licenses.

   The files `src/autofit/ft-hb.c` and `src/autofit/ft-hb.h` contain code
   taken almost  verbatim from the  HarfBuzz file `hb-ft.cc`,  which uses
   the 'Old MIT' license, compatible to the above two licenses.

   The  MD5 checksum  support  (only used  for  debugging in  development
   builds) is in the public domain.


 Name: HarfBuzz
 Files: matplotlib/ft2font.*.so
 Description: Text shaping library
 License: MIT-Modern-Variant
   HarfBuzz is licensed under the so-called ""Old MIT"" license.  Details follow.
   For parts of HarfBuzz that are licensed under different licenses see individual
   files names COPYING in subdirectories where applicable.

   Copyright © 2010-2022  Google, Inc.
   Copyright © 2015-2020  Ebrahim Byagowi
   Copyright © 2019,2020  Facebook, Inc.
   Copyright © 2012,2015  Mozilla Foundation
   Copyright © 2011  Codethink Limited
   Copyright © 2008,2010  Nokia Corporation and/or its subsidiary(-ies)
   Copyright © 2009  Keith Stribley
   Copyright © 2011  Martin Hosken and SIL International
   Copyright © 2007  Chris Wilson
   Copyright © 2005,2006,2020,2021,2022,2023  Behdad Esfahbod
   Copyright © 2004,2007,2008,2009,2010,2013,2021,2022,2023  Red Hat, Inc.
   Copyright © 1998-2005  David Turner and Werner Lemberg
   Copyright © 2016  Igalia S.L.
   Copyright © 2022  Matthias Clasen
   Copyright © 2018,2021  Khaled Hosny
   Copyright © 2018,2019,2020  Adobe, Inc
   Copyright © 2013-2015  Alexei Podtelezhnikov

   For full copyright notices consult the individual files in the package.


   Permission is hereby granted, without written agreement and without
   license or royalty fees, to use, copy, modify, and distribute this
   software and its documentation for any purpose, provided that the
   above copyright notice and the following two paragraphs appear in
   all copies of this software.

   IN NO EVENT SHALL THE COPYRIGHT HOLDER BE LIABLE TO ANY PARTY FOR
   DIRECT, INDIRECT, SPECIAL, INCIDENTAL, OR CONSEQUENTIAL DAMAGES
   ARISING OUT OF THE USE OF THIS SOFTWARE AND ITS DOCUMENTATION, EVEN
   IF THE COPYRIGHT HOLDER HAS BEEN ADVISED OF THE POSSIBILITY OF SUCH
   DAMAGE.

   THE COPYRIGHT HOLDER SPECIFICALLY DISCLAIMS ANY WARRANTIES, INCLUDING,
   BUT NOT LIMITED TO, THE IMPLIED WARRANTIES OF MERCHANTABILITY AND
   FITNESS FOR A PARTICULAR PURPOSE.  THE SOFTWARE PROVIDED HEREUNDER IS
   ON AN ""AS IS"" BASIS, AND THE COPYRIGHT HOLDER HAS NO OBLIGATION TO
   PROVIDE MAINTENANCE, SUPPORT, UPDATES, ENHANCEMENTS, OR MODIFICATIONS.


 Name: JSXTools resize observer
 Files: lib/matplotlib/backends/web_backend/js/mpl.js
 Description: Minimal polyfill for the ResizeObserver API
 License: CC0-1.0
   # CC0 1.0 Universal

   ## Statement of Purpose

   The laws of most jurisdictions throughout the world automatically confer
   exclusive Copyright and Related Rights (defined below) upon the creator and
   subsequent owner(s) (each and all, an “owner”) of an original work of
   authorship and/or a database (each, a “Work”).

   Certain owners wish to permanently relinquish those rights to a Work for the
   purpose of contributing to a commons of creative, cultural and scientific works
   (“Commons”) that the public can reliably and without fear of later claims of
   infringement build upon, modify, incorporate in other works, reuse and
   redistribute as freely as possible in any form whatsoever and for any purposes,
   including without limitation commercial purposes. These owners may contribute
   to the Commons to promote the ideal of a free culture and the further
   production of creative, cultural and scientific works, or to gain reputation or
   greater distribution for their Work in part through the use and efforts of
   others.

   For these and/or other purposes and motivations, and without any expectation of
   additional consideration or compensation, the person associating CC0 with a
   Work (the “Affirmer”), to the extent that he or she is an owner of Copyright
   and Related Rights in the Work, voluntarily elects to apply CC0 to the Work and
   publicly distribute the Work under its terms, with knowledge of his or her
   Copyright and Related Rights in the Work and the meaning and intended legal
   effect of CC0 on those rights.

   1. Copyright and Related Rights. A Work made available under CC0 may be
      protected by copyright and related or neighboring rights (“Copyright and
      Related Rights”). Copyright and Related Rights include, but are not limited
      to, the following:
      1. the right to reproduce, adapt, distribute, perform, display, communicate,
         and translate a Work;
      2. moral rights retained by the original author(s) and/or performer(s);
      3. publicity and privacy rights pertaining to a person’s image or likeness
         depicted in a Work;
      4. rights protecting against unfair competition in regards to a Work,
         subject to the limitations in paragraph 4(i), below;
      5. rights protecting the extraction, dissemination, use and reuse of data in
         a Work;
      6. database rights (such as those arising under Directive 96/9/EC of the
         European Parliament and of the Council of 11 March 1996 on the legal
         protection of databases, and under any national implementation thereof,
         including any amended or successor version of such directive); and
      7. other similar, equivalent or corresponding rights throughout the world
         based on applicable law or treaty, and any national implementations
         thereof.

   2. Waiver. To the greatest extent permitted by, but not in contravention of,
      applicable law, Affirmer hereby overtly, fully, permanently, irrevocably and
      unconditionally waives, abandons, and surrenders all of Affirmer’s Copyright
      and Related Rights and associated claims and causes of action, whether now
      known or unknown (including existing as well as future claims and causes of
      action), in the Work (i) in all territories worldwide, (ii) for the maximum
      duration provided by applicable law or treaty (including future time
      extensions), (iii) in any current or future medium and for any number of
      copies, and (iv) for any purpose whatsoever, including without limitation
      commercial, advertising or promotional purposes (the “Waiver”). Affirmer
      makes the Waiver for the benefit of each member of the public at large and
      to the detriment of Affirmer’s heirs and successors, fully intending that
      such Waiver shall not be subject to revocation, rescission, cancellation,
      termination, or any other legal or equitable action to disrupt the quiet
      enjoyment of the Work by the public as contemplated by Affirmer’s express
      Statement of Purpose.

   3. Public License Fallback. Should any part of the Waiver for any reason be
      judged legally invalid or ineffective under applicable law, then the Waiver
      shall be preserved to the maximum extent permitted taking into account
      Affirmer’s express Statement of Purpose. In addition, to the extent the
      Waiver is so judged Affirmer hereby grants to each affected person a
      royalty-free, non transferable, non sublicensable, non exclusive,
      irrevocable and unconditional license to exercise Affirmer’s Copyright and
      Related Rights in the Work (i) in all territories worldwide, (ii) for the
      maximum duration provided by applicable law or treaty (including future time
      extensions), (iii) in any current or future medium and for any number of
      copies, and (iv) for any purpose whatsoever, including without limitation
      commercial, advertising or promotional purposes (the “License”). The License
      shall be deemed effective as of the date CC0 was applied by Affirmer to the
      Work. Should any part of the License for any reason be judged legally
      invalid or ineffective under applicable law, such partial invalidity or
      ineffectiveness shall not invalidate the remainder of the License, and in
      such case Affirmer hereby affirms that he or she will not (i) exercise any
      of his or her remaining Copyright and Related Rights in the Work or (ii)
      assert any associated claims and causes of action with respect to the Work,
      in either case contrary to Affirmer’s express Statement of Purpose.

   4. Limitations and Disclaimers.
      1. No trademark or patent rights held by Affirmer are waived, abandoned,
         surrendered, licensed or otherwise affected by this document.
      2. Affirmer offers the Work as-is and makes no representations or warranties
         of any kind concerning the Work, express, implied, statutory or
         otherwise, including without limitation warranties of title,
         merchantability, fitness for a particular purpose, non infringement, or
         the absence of latent or other defects, accuracy, or the present or
         absence of errors, whether or not discoverable, all to the greatest
         extent permissible under applicable law.
      3. Affirmer disclaims responsibility for clearing rights of other persons
         that may apply to the Work or any use thereof, including without
         limitation any person’s Copyright and Related Rights in the Work.
         Further, Affirmer disclaims responsibility for obtaining any necessary
         consents, permissions or other rights required for any use of the Work.
      4. Affirmer understands and acknowledges that Creative Commons is not a
         party to this document and has no duty or obligation with respect to this
         CC0 or use of the Work.

   For more information, please see
   http://creativecommons.org/publicdomain/zero/1.0/.


 Name: Last Resort fonts
 Files: matplotlib/mpl-data/fonts/ttf/LastResortHE-Regular.ttf
 Description: Last Resort High-Efficiency Font
 License: OFL-1.1
   This Font Software is licensed under the SIL Open Font License,
   Version 1.1.

   This license is copied below, and is also available with a FAQ at:
   http://scripts.sil.org/OFL

   -----------------------------------------------------------
   SIL OPEN FONT LICENSE Version 1.1 - 26 February 2007
   -----------------------------------------------------------

   PREAMBLE
   The goals of the Open Font License (OFL) are to stimulate worldwide
   development of collaborative font projects, to support the font
   creation efforts of academic and linguistic communities, and to
   provide a free and open framework in which fonts may be shared and
   improved in partnership with others.

   The OFL allows the licensed fonts to be used, studied, modified and
   redistributed freely as long as they are not sold by themselves. The
   fonts, including any derivative works, can be bundled, embedded,
   redistributed and/or sold with any software provided that any reserved
   names are not used by derivative works. The fonts and derivatives,
   however, cannot be released under any other type of license. The
   requirement for fonts to remain under this license does not apply to
   any document created using the fonts or their derivatives.

   DEFINITIONS
   ""Font Software"" refers to the set of files released by the Copyright
   Holder(s) under this license and clearly marked as such. This may
   include source files, build scripts and documentation.

   ""Reserved Font Name"" refers to any names specified as such after the
   copyright statement(s).

   ""Original Version"" refers to the collection of Font Software
   components as distributed by the Copyright Holder(s).

   ""Modified Version"" refers to any derivative made by adding to,
   deleting, or substituting -- in part or in whole -- any of the
   components of the Original Version, by changing formats or by porting
   the Font Software to a new environment.

   ""Author"" refers to any designer, engineer, programmer, technical
   writer or other person who contributed to the Font Software.

   PERMISSION & CONDITIONS
   Permission is hereby granted, free of charge, to any person obtaining
   a copy of the Font Software, to use, study, copy, merge, embed,
   modify, redistribute, and sell modified and unmodified copies of the
   Font Software, subject to the following conditions:

   1) Neither the Font Software nor any of its individual components, in
   Original or Modified Versions, may be sold by itself.

   2) Original or Modified Versions of the Font Software may be bundled,
   redistributed and/or sold with any software, provided that each copy
   contains the above copyright notice and this license. These can be
   included either as stand-alone text files, human-readable headers or
   in the appropriate machine-readable metadata fields within text or
   binary files as long as those fields can be easily viewed by the user.

   3) No Modified Version of the Font Software may use the Reserved Font
   Name(s) unless explicit written permission is granted by the
   corresponding Copyright Holder. This restriction only applies to the
   primary font name as presented to the users.

   4) The name(s) of the Copyright Holder(s) or the Author(s) of the Font
   Software shall not be used to promote, endorse or advertise any
   Modified Version, except to acknowledge the contribution(s) of the
   Copyright Holder(s) and the Author(s) or with their explicit written
   permission.

   5) The Font Software, modified or unmodified, in part or in whole,
   must be distributed entirely under this license, and must not be
   distributed under any other license. The requirement for fonts to
   remain under this license does not apply to any document created using
   the Font Software.

   TERMINATION
   This license becomes null and void if any of the above conditions are
   not met.

   DISCLAIMER
   THE FONT SOFTWARE IS PROVIDED ""AS IS"", WITHOUT WARRANTY OF ANY KIND,
   EXPRESS OR IMPLIED, INCLUDING BUT NOT LIMITED TO ANY WARRANTIES OF
   MERCHANTABILITY, FITNESS FOR A PARTICULAR PURPOSE AND NONINFRINGEMENT
   OF COPYRIGHT, PATENT, TRADEMARK, OR OTHER RIGHT. IN NO EVENT SHALL THE
   COPYRIGHT HOLDER BE LIABLE FOR ANY CLAIM, DAMAGES OR OTHER LIABILITY,
   INCLUDING ANY GENERAL, SPECIAL, INDIRECT, INCIDENTAL, OR CONSEQUENTIAL
   DAMAGES, WHETHER IN AN ACTION OF CONTRACT, TORT OR OTHERWISE, ARISING
   FROM, OUT OF THE USE OR INABILITY TO USE THE FONT SOFTWARE OR FROM
   OTHER DEALINGS IN THE FONT SOFTWARE.

   SPDX-License-Identifier: OFL-1.1


 Name: libraqm
 Files: matplotlib/ft2font.*.so
 Description: Complex text layout library
 License: MIT
   The MIT License (MIT)

   Copyright © 2015 Information Technology Authority (ITA) <foss@ita.gov.om>
   Copyright © 2016-2023 Khaled Hosny <khaled@aliftype.com>

   Permission is hereby granted, free of charge, to any person obtaining a copy
   of this software and associated documentation files (the ""Software""), to deal
   in the Software without restriction, including without limitation the rights
   to use, copy, modify, merge, publish, distribute, sublicense, and/or sell
   copies of the Software, and to permit persons to whom the Software is
   furnished to do so, subject to the following conditions:

   The above copyright notice and this permission notice shall be included in all
   copies or substantial portions of the Software.

   THE SOFTWARE IS PROVIDED ""AS IS"", WITHOUT WARRANTY OF ANY KIND, EXPRESS OR
   IMPLIED, INCLUDING BUT NOT LIMITED TO THE WARRANTIES OF MERCHANTABILITY,
   FITNESS FOR A PARTICULAR PURPOSE AND NONINFRINGEMENT. IN NO EVENT SHALL THE
   AUTHORS OR COPYRIGHT HOLDERS BE LIABLE FOR ANY CLAIM, DAMAGES OR OTHER
   LIABILITY, WHETHER IN AN ACTION OF CONTRACT, TORT OR OTHERWISE, ARISING FROM,
   OUT OF OR IN CONNECTION WITH THE SOFTWARE OR THE USE OR OTHER DEALINGS IN THE
   SOFTWARE.


 Name: QHull
 Files: matplotlib/_qhull.*.so
 Description: Convex hull, Delaunay triangulation, Voronoi diagrams, Halfspace intersection
 License: Qhull
                       Qhull, Copyright (c) 1993-2020

                               C.B. Barber
                              Arlington, MA

                                  and

          The National Science and Technology Research Center for
           Computation and Visualization of Geometric Structures
                           (The Geometry Center)
                          University of Minnesota

                          email: qhull@qhull.org

   This software includes Qhull from C.B. Barber and The Geometry Center.
   Files derived from Qhull 1.0 are copyrighted by the Geometry Center.  The
   remaining files are copyrighted by C.B. Barber.  Qhull is free software
   and may be obtained via http from www.qhull.org.  It may be freely copied,
   modified, and redistributed under the following conditions:

   1. All copyright notices must remain intact in all files.

   2. A copy of this text file must be distributed along with any copies
      of Qhull that you redistribute; this includes copies that you have
      modified, or copies of programs or other software products that
      include Qhull.

   3. If you modify Qhull, you must include a notice giving the
      name of the person performing the modification, the date of
      modification, and the reason for such modification.

   4. When distributing modified versions of Qhull, or other software
      products that include Qhull, you must provide notice that the original
      source code may be obtained as noted above.

   5. There is no warranty or other guarantee of fitness for Qhull, it is
      provided solely ""as is"".  Bug reports or fixes may be sent to
      qhull_bug@qhull.org; the authors may or may not act on them as
      they desire.


 Name: Qt4 Editor
 Files: matplotlib/backends/qt_editor
 Description: Module creating PyQt4 form dialogs/layouts to edit various type of parameters
 License: MIT
   Module creating PyQt4 form dialogs/layouts to edit various type of parameters


   formlayout License Agreement (MIT License)
   ------------------------------------------

   Copyright (c) 2009 Pierre Raybaut

   Permission is hereby granted, free of charge, to any person
   obtaining a copy of this software and associated documentation
   files (the ""Software""), to deal in the Software without
   restriction, including without limitation the rights to use,
   copy, modify, merge, publish, distribute, sublicense, and/or sell
   copies of the Software, and to permit persons to whom the
   Software is furnished to do so, subject to the following
   conditions:

   The above copyright notice and this permission notice shall be
   included in all copies or substantial portions of the Software.

   THE SOFTWARE IS PROVIDED ""AS IS"", WITHOUT WARRANTY OF ANY KIND,
   EXPRESS OR IMPLIED, INCLUDING BUT NOT LIMITED TO THE WARRANTIES
   OF MERCHANTABILITY, FITNESS FOR A PARTICULAR PURPOSE AND
   NONINFRINGEMENT. IN NO EVENT SHALL THE AUTHORS OR COPYRIGHT
   HOLDERS BE LIABLE FOR ANY CLAIM, DAMAGES OR OTHER LIABILITY,
   WHETHER IN AN ACTION OF CONTRACT, TORT OR OTHERWISE, ARISING
   FROM, OUT OF OR IN CONNECTION WITH THE SOFTWARE OR THE USE OR
   OTHER DEALINGS IN THE SOFTWARE.


 Name: SheenBidi
 Files: matplotlib/ft2font.*.so
 Description: Unicode Bidirectional Algorithm implementation
 License: Apache-2.0
                                    Apache License
                              Version 2.0, January 2004
                           http://www.apache.org/licenses/

      TERMS AND CONDITIONS FOR USE, REPRODUCTION, AND DISTRIBUTION

      1. Definitions.

         ""License"" shall mean the terms and conditions for use, reproduction,
         and distribution as defined by Sections 1 through 9 of this document.

         ""Licensor"" shall mean the copyright owner or entity authorized by
         the copyright owner that is granting the License.

         ""Legal Entity"" shall mean the union of the acting entity and all
         other entities that control, are controlled by, or are under common
         control with that entity. For the purposes of this definition,
         ""control"" means (i) the power, direct or indirect, to cause the
         direction or management of such entity, whether by contract or
         otherwise, or (ii) ownership of fifty percent (50%) or more of the
         outstanding shares, or (iii) beneficial ownership of such entity.

         ""You"" (or ""Your"") shall mean an individual or Legal Entity
         exercising permissions granted by this License.

         ""Source"" form shall mean the preferred form for making modifications,
         including but not limited to software source code, documentation
         source, and configuration files.

         ""Object"" form shall mean any form resulting from mechanical
         transformation or translation of a Source form, including but
         not limited to compiled object code, generated documentation,
         and conversions to other media types.

         ""Work"" shall mean the work of authorship, whether in Source or
         Object form, made available under the License, as indicated by a
         copyright notice that is included in or attached to the work
         (an example is provided in the Appendix below).

         ""Derivative Works"" shall mean any work, whether in Source or Object
         form, that is based on (or derived from) the Work and for which the
         editorial revisions, annotations, elaborations, or other modifications
         represent, as a whole, an original work of authorship. For the purposes
         of this License, Derivative Works shall not include works that remain
         separable from, or merely link (or bind by name) to the interfaces of,
         the Work and Derivative Works thereof.

         ""Contribution"" shall mean any work of authorship, including
         the original version of the Work and any modifications or additions
         to that Work or Derivative Works thereof, that is intentionally
         submitted to Licensor for inclusion in the Work by the copyright owner
         or by an individual or Legal Entity authorized to submit on behalf of
         the copyright owner. For the purposes of this definition, ""submitted""
         means any form of electronic, verbal, or written communication sent
         to the Licensor or its representatives, including but not limited to
         communication on electronic mailing lists, source code control systems,
         and issue tracking systems that are managed by, or on behalf of, the
         Licensor for the purpose of discussing and improving the Work, but
         excluding communication that is conspicuously marked or otherwise
         designated in writing by the copyright owner as ""Not a Contribution.""

         ""Contributor"" shall mean Licensor and any individual or Legal Entity
         on behalf of whom a Contribution has been received by Licensor and
         subsequently incorporated within the Work.

      2. Grant of Copyright License. Subject to the terms and conditions of
         this License, each Contributor hereby grants to You a perpetual,
         worldwide, non-exclusive, no-charge, royalty-free, irrevocable
         copyright license to reproduce, prepare Derivative Works of,
         publicly display, publicly perform, sublicense, and distribute the
         Work and such Derivative Works in Source or Object form.

      3. Grant of Patent License. Subject to the terms and conditions of
         this License, each Contributor hereby grants to You a perpetual,
         worldwide, non-exclusive, no-charge, royalty-free, irrevocable
         (except as stated in this section) patent license to make, have made,
         use, offer to sell, sell, import, and otherwise transfer the Work,
         where such license applies only to those patent claims licensable
         by such Contributor that are necessarily infringed by their
         Contribution(s) alone or by combination of their Contribution(s)
         with the Work to which such Contribution(s) was submitted. If You
         institute patent litigation against any entity (including a
         cross-claim or counterclaim in a lawsuit) alleging that the Work
         or a Contribution incorporated within the Work constitutes direct
         or contributory patent infringement, then any patent licenses
         granted to You under this License for that Work shall terminate
         as of the date such litigation is filed.

      4. Redistribution. You may reproduce and distribute copies of the
         Work or Derivative Works thereof in any medium, with or without
         modifications, and in Source or Object form, provided that You
         meet the following conditions:

         (a) You must give any other recipients of the Work or
             Derivative Works a copy of this License; and

         (b) You must cause any modified files to carry prominent notices
             stating that You changed the files; and

         (c) You must retain, in the Source form of any Derivative Works
             that You distribute, all copyright, patent, trademark, and
             attribution notices from the Source form of the Work,
             excluding those notices that do not pertain to any part of
             the Derivative Works; and

         (d) If the Work includes a ""NOTICE"" text file as part of its
             distribution, then any Derivative Works that You distribute must
             include a readable copy of the attribution notices contained
             within such NOTICE file, excluding those notices that do not
             pertain to any part of the Derivative Works, in at least one
             of the following places: within a NOTICE text file distributed
             as part of the Derivative Works; within the Source form or
             documentation, if provided along with the Derivative Works; or,
             within a display generated by the Derivative Works, if and
             wherever such third-party notices normally appear. The contents
             of the NOTICE file are for informational purposes only and
             do not modify the License. You may add Your own attribution
             notices within Derivative Works that You distribute, alongside
             or as an addendum to the NOTICE text from the Work, provided
             that such additional attribution notices cannot be construed
             as modifying the License.

         You may add Your own copyright statement to Your modifications and
         may provide additional or different license terms and conditions
         for use, reproduction, or distribution of Your modifications, or
         for any such Derivative Works as a whole, provided Your use,
         reproduction, and distribution of the Work otherwise complies with
         the conditions stated in this License.

      5. Submission of Contributions. Unless You explicitly state otherwise,
         any Contribution intentionally submitted for inclusion in the Work
         by You to the Licensor shall be under the terms and conditions of
         this License, without any additional terms or conditions.
         Notwithstanding the above, nothing herein shall supersede or modify
         the terms of any separate license agreement you may have executed
         with Licensor regarding such Contributions.

      6. Trademarks. This License does not grant permission to use the trade
         names, trademarks, service marks, or product names of the Licensor,
         except as required for reasonable and customary use in describing the
         origin of the Work and reproducing the content of the NOTICE file.

      7. Disclaimer of Warranty. Unless required by applicable law or
         agreed to in writing, Licensor provides the Work (and each
         Contributor provides its Contributions) on an ""AS IS"" BASIS,
         WITHOUT WARRANTIES OR CONDITIONS OF ANY KIND, either express or
         implied, including, without limitation, any warranties or conditions
         of TITLE, NON-INFRINGEMENT, MERCHANTABILITY, or FITNESS FOR A
         PARTICULAR PURPOSE. You are solely responsible for determining the
         appropriateness of using or redistributing the Work and assume any
         risks associated with Your exercise of permissions under this License.

      8. Limitation of Liability. In no event and under no legal theory,
         whether in tort (including negligence), contract, or otherwise,
         unless required by applicable law (such as deliberate and grossly
         negligent acts) or agreed to in writing, shall any Contributor be
         liable to You for damages, including any direct, indirect, special,
         incidental, or consequential damages of any character arising as a
         result of this License or out of the use or inability to use the
         Work (including but not limited to damages for loss of goodwill,
         work stoppage, computer failure or malfunction, or any and all
         other commercial damages or losses), even if such Contributor
         has been advised of the possibility of such damages.

      9. Accepting Warranty or Additional Liability. While redistributing
         the Work or Derivative Works thereof, You may choose to offer,
         and charge a fee for, acceptance of support, warranty, indemnity,
         or other liability obligations and/or rights consistent with this
         License. However, in accepting such obligations, You may act only
         on Your own behalf and on Your sole responsibility, not on behalf
         of any other Contributor, and only if You agree to indemnify,
         defend, and hold each Contributor harmless for any liability
         incurred by, or claims asserted against, such Contributor by reason
         of your accepting any such warranty or additional liability.

      END OF TERMS AND CONDITIONS

      APPENDIX: How to apply the Apache License to your work.

         To apply the Apache License to your work, attach the following
         boilerplate notice, with the fields enclosed by brackets ""[]""
         replaced with your own identifying information. (Don't include
         the brackets!)  The text should be enclosed in the appropriate
         comment syntax for the file format. We also recommend that a
         file or class name and description of purpose be included on the
         same ""printed page"" as the copyright notice for easier
         identification within third-party archives.

      Copyright [yyyy] [name of copyright owner]

      Licensed under the Apache License, Version 2.0 (the ""License"");
      you may not use this file except in compliance with the License.
      You may obtain a copy of the License at

          http://www.apache.org/licenses/LICENSE-2.0

      Unless required by applicable law or agreed to in writing, software
      distributed under the License is distributed on an ""AS IS"" BASIS,
      WITHOUT WARRANTIES OR CONDITIONS OF ANY KIND, either express or implied.
      See the License for the specific language governing permissions and
      limitations under the License.


 Name: Solarized
 Files: matplotlib/mpl-data/stylelib/Solarize_Light2.mplstyle
 Description: Solarized color scheme/style
 License: MIT
   https://github.com/altercation/solarized/blob/master/LICENSE
   Copyright (c) 2011 Ethan Schoonover

   Permission is hereby granted, free of charge, to any person obtaining a copy
   of this software and associated documentation files (the ""Software""), to deal
   in the Software without restriction, including without limitation the rights
   to use, copy, modify, merge, publish, distribute, sublicense, and/or sell
   copies of the Software, and to permit persons to whom the Software is
   furnished to do so, subject to the following conditions:

   The above copyright notice and this permission notice shall be included in
   all copies or substantial portions of the Software.

   THE SOFTWARE IS PROVIDED ""AS IS"", WITHOUT WARRANTY OF ANY KIND, EXPRESS OR
   IMPLIED, INCLUDING BUT NOT LIMITED TO THE WARRANTIES OF MERCHANTABILITY,
   FITNESS FOR A PARTICULAR PURPOSE AND NONINFRINGEMENT. IN NO EVENT SHALL THE
   AUTHORS OR COPYRIGHT HOLDERS BE LIABLE FOR ANY CLAIM, DAMAGES OR OTHER
   LIABILITY, WHETHER IN AN ACTION OF CONTRACT, TORT OR OTHERWISE, ARISING FROM,
   OUT OF OR IN CONNECTION WITH THE SOFTWARE OR THE USE OR OTHER DEALINGS IN
   THE SOFTWARE.


 Name: Stix fonts
 Files: matplotlib/mpl-data/fonts/ttf/STIX*.ttf
 Description: STIX fonts
 License: OFL-1.1
   STIX Font License

   24 May 2010

   Copyright (c) 2001-2010 by the STI Pub Companies, consisting of the American
   Institute of Physics, the American Chemical Society, the American Mathematical
   Society, the American Physical Society, Elsevier, Inc., and The Institute of
   Electrical and Electronic Engineers, Inc. (www.stixfonts.org), with Reserved
   Font Name STIX Fonts, STIX Fonts (TM) is a  trademark of The Institute of
   Electrical and Electronics Engineers, Inc.

   Portions copyright (c) 1998-2003 by MicroPress, Inc. (www.micropress-inc.com),
   with Reserved Font Name TM Math. To obtain additional mathematical fonts, please
   contact MicroPress, Inc., 68-30 Harrow Street, Forest Hills, NY 11375, USA,
   Phone: (718) 575-1816.

   Portions copyright (c) 1990 by Elsevier, Inc.

   This Font Software is licensed under the SIL Open Font License, Version 1.1.
   This license is copied below, and is also available with a FAQ at:
   https://scripts.sil.org/OFL

   -----------------------------------------------------------
   SIL OPEN FONT LICENSE Version 1.1 - 26 February 2007
   -----------------------------------------------------------

   PREAMBLE
   The goals of the Open Font License (OFL) are to stimulate worldwide
   development of collaborative font projects, to support the font creation
   efforts of academic and linguistic communities, and to provide a free and
   open framework in which fonts may be shared and improved in partnership
   with others.

   The OFL allows the licensed fonts to be used, studied, modified and
   redistributed freely as long as they are not sold by themselves. The
   fonts, including any derivative works, can be bundled, embedded,
   redistributed and/or sold with any software provided that any reserved
   names are not used by derivative works. The fonts and derivatives,
   however, cannot be released under any other type of license. The
   requirement for fonts to remain under this license does not apply
   to any document created using the fonts or their derivatives.

   DEFINITIONS
   ""Font Software"" refers to the set of files released by the Copyright
   Holder(s) under this license and clearly marked as such. This may
   include source files, build scripts and documentation.

   ""Reserved Font Name"" refers to any names specified as such after the
   copyright statement(s).

   ""Original Version"" refers to the collection of Font Software components as
   distributed by the Copyright Holder(s).

   ""Modified Version"" refers to any derivative made by adding to, deleting,
   or substituting -- in part or in whole -- any of the components of the
   Original Version, by changing formats or by porting the Font Software to a
   new environment.

   ""Author"" refers to any designer, engineer, programmer, technical
   writer or other person who contributed to the Font Software.

   PERMISSION & CONDITIONS
   Permission is hereby granted, free of charge, to any person obtaining
   a copy of the Font Software, to use, study, copy, merge, embed, modify,
   redistribute, and sell modified and unmodified copies of the Font
   Software, subject to the following conditions:

   1) Neither the Font Software nor any of its individual components,
   in Original or Modified Versions, may be sold by itself.

   2) Original or Modified Versions of the Font Software may be bundled,
   redistributed and/or sold with any software, provided that each copy
   contains the above copyright notice and this license. These can be
   included either as stand-alone text files, human-readable headers or
   in the appropriate machine-readable metadata fields within text or
   binary files as long as those fields can be easily viewed by the user.

   3) No Modified Version of the Font Software may use the Reserved Font
   Name(s) unless explicit written permission is granted by the corresponding
   Copyright Holder. This restriction only applies to the primary font name as
   presented to the users.

   4) The name(s) of the Copyright Holder(s) or the Author(s) of the Font
   Software shall not be used to promote, endorse or advertise any
   Modified Version, except to acknowledge the contribution(s) of the
   Copyright Holder(s) and the Author(s) or with their explicit written
   permission.

   5) The Font Software, modified or unmodified, in part or in whole,
   must be distributed entirely under this license, and must not be
   distributed under any other license. The requirement for fonts to
   remain under this license does not apply to any document created
   using the Font Software.

   TERMINATION
   This license becomes null and void if any of the above conditions are
   not met.

   DISCLAIMER
   THE FONT SOFTWARE IS PROVIDED ""AS IS"", WITHOUT WARRANTY OF ANY KIND,
   EXPRESS OR IMPLIED, INCLUDING BUT NOT LIMITED TO ANY WARRANTIES OF
   MERCHANTABILITY, FITNESS FOR A PARTICULAR PURPOSE AND NONINFRINGEMENT
   OF COPYRIGHT, PATENT, TRADEMARK, OR OTHER RIGHT. IN NO EVENT SHALL THE
   COPYRIGHT HOLDER BE LIABLE FOR ANY CLAIM, DAMAGES OR OTHER LIABILITY,
   INCLUDING ANY GENERAL, SPECIAL, INDIRECT, INCIDENTAL, OR CONSEQUENTIAL
   DAMAGES, WHETHER IN AN ACTION OF CONTRACT, TORT OR OTHERWISE, ARISING
   FROM, OUT OF THE USE OR INABILITY TO USE THE FONT SOFTWARE OR FROM
   OTHER DEALINGS IN THE FONT SOFTWARE.

 Name: Yorick Colormaps
 Files: lib/matplotlib/_cm.py
 Description: Gist/Yorick colormaps
 License:
   BSD-style license for gist/yorick colormaps.

   Copyright:

     Copyright (c) 1996.  The Regents of the University of California.
                          All rights reserved.

   Permission to use, copy, modify, and distribute this software for any
   purpose without fee is hereby granted, provided that this entire
   notice is included in all copies of any software which is or includes
   a copy or modification of this software and in all copies of the
   supporting documentation for such software.

   This work was produced at the University of California, Lawrence
   Livermore National Laboratory under contract no. W-7405-ENG-48 between
   the U.S. Department of Energy and The Regents of the University of
   California for the operation of UC LLNL.


               DISCLAIMER

   This software was prepared as an account of work sponsored by an
   agency of the United States Government.  Neither the United States
   Government nor the University of California nor any of their
   employees, makes any warranty, express or implied, or assumes any
   liability or responsibility for the accuracy, completeness, or
   usefulness of any information, apparatus, product, or process
   disclosed, or represents that its use would not infringe
   privately-owned rights.  Reference herein to any specific commercial
   products, process, or service by trade name, trademark, manufacturer,
   or otherwise, does not necessarily constitute or imply its
   endorsement, recommendation, or favoring by the United States
   Government or the University of California.  The views and opinions of
   authors expressed herein do not necessarily state or reflect those of
   the United States Government or the University of California, and
   shall not be used for advertising or product endorsement purposes.


           AUTHOR

   David H. Munro wrote Yorick and Gist.  Berkeley Yacc (byacc) generated
   the Yorick parser.  The routines in Math are from LAPACK and FFTPACK;
   MathC contains C translations by David H. Munro.  The algorithms for
   Yorick's random number generator and several special functions in
   Yorick/include were taken from Numerical Recipes by Press, et. al.,
   although the Yorick implementations are unrelated to those in
   Numerical Recipes.  A small amount of code in Gist was adapted from
   the X11R4 release, copyright M.I.T. -- the complete copyright notice
   may be found in the (unused) file Gist/host.c.",License metadata field (raw),df4f7784aca81a94f254c0a2767d592ee25f407e488f5fa7203e51093fb6ca27,CADD Suite wheel 08a7b1ef; HEAD 6bd2006; pip 26.2.1; Linux x86_64; CPython 3.12.14; all declared extras resolved together
mda-xdrlib,0.2.0,"MDA-XDRLIB LICENSING
====================

The MDA-XDRLIB package is a mostly vendored implementation of the
cpython xdrlib module as released in cpython version 3.10.8.

As such the package is released under the same licensing as the
original code, as detailed below.

To satisfy clause 3 of the PSF License Version 2, a list of changes
introduced is also shipped alongside the code under `CHANGES`.


CPYTHON LICENSE
===============

A. HISTORY OF THE SOFTWARE
==========================

Python was created in the early 1990s by Guido van Rossum at Stichting
Mathematisch Centrum (CWI, see https://www.cwi.nl) in the Netherlands
as a successor of a language called ABC.  Guido remains Python's
principal author, although it includes many contributions from others.

In 1995, Guido continued his work on Python at the Corporation for
National Research Initiatives (CNRI, see https://www.cnri.reston.va.us)
in Reston, Virginia where he released several versions of the
software.

In May 2000, Guido and the Python core development team moved to
BeOpen.com to form the BeOpen PythonLabs team.  In October of the same
year, the PythonLabs team moved to Digital Creations, which became
Zope Corporation.  In 2001, the Python Software Foundation (PSF, see
https://www.python.org/psf/) was formed, a non-profit organization
created specifically to own Python-related Intellectual Property.
Zope Corporation was a sponsoring member of the PSF.

All Python releases are Open Source (see https://opensource.org for
the Open Source Definition).  Historically, most, but not all, Python
releases have also been GPL-compatible; the table below summarizes
the various releases.

    Release         Derived     Year        Owner       GPL-
                    from                                compatible? (1)

    0.9.0 thru 1.2              1991-1995   CWI         yes
    1.3 thru 1.5.2  1.2         1995-1999   CNRI        yes
    1.6             1.5.2       2000        CNRI        no
    2.0             1.6         2000        BeOpen.com  no
    1.6.1           1.6         2001        CNRI        yes (2)
    2.1             2.0+1.6.1   2001        PSF         no
    2.0.1           2.0+1.6.1   2001        PSF         yes
    2.1.1           2.1+2.0.1   2001        PSF         yes
    2.1.2           2.1.1       2002        PSF         yes
    2.1.3           2.1.2       2002        PSF         yes
    2.2 and above   2.1.1       2001-now    PSF         yes

Footnotes:

(1) GPL-compatible doesn't mean that we're distributing Python under
    the GPL.  All Python licenses, unlike the GPL, let you distribute
    a modified version without making your changes open source.  The
    GPL-compatible licenses make it possible to combine Python with
    other software that is released under the GPL; the others don't.

(2) According to Richard Stallman, 1.6.1 is not GPL-compatible,
    because its license has a choice of law clause.  According to
    CNRI, however, Stallman's lawyer has told CNRI's lawyer that 1.6.1
    is ""not incompatible"" with the GPL.

Thanks to the many outside volunteers who have worked under Guido's
direction to make these releases possible.


B. TERMS AND CONDITIONS FOR ACCESSING OR OTHERWISE USING PYTHON
===============================================================

Python software and documentation are licensed under the
Python Software Foundation License Version 2.

Starting with Python 3.8.6, examples, recipes, and other code in
the documentation are dual licensed under the PSF License Version 2
and the Zero-Clause BSD license.

Some software incorporated into Python is under different licenses.
The licenses are listed with code falling under that license.


PYTHON SOFTWARE FOUNDATION LICENSE VERSION 2
--------------------------------------------

1. This LICENSE AGREEMENT is between the Python Software Foundation
(""PSF""), and the Individual or Organization (""Licensee"") accessing and
otherwise using this software (""Python"") in source or binary form and
its associated documentation.

2. Subject to the terms and conditions of this License Agreement, PSF hereby
grants Licensee a nonexclusive, royalty-free, world-wide license to reproduce,
analyze, test, perform and/or display publicly, prepare derivative works,
distribute, and otherwise use Python alone or in any derivative version,
provided, however, that PSF's License Agreement and PSF's notice of copyright,
i.e., ""Copyright (c) 2001, 2002, 2003, 2004, 2005, 2006, 2007, 2008, 2009, 2010,
2011, 2012, 2013, 2014, 2015, 2016, 2017, 2018, 2019, 2020, 2021, 2022 Python Software Foundation;
All Rights Reserved"" are retained in Python alone or in any derivative version
prepared by Licensee.

3. In the event Licensee prepares a derivative work that is based on
or incorporates Python or any part thereof, and wants to make
the derivative work available to others as provided herein, then
Licensee hereby agrees to include in any such work a brief summary of
the changes made to Python.

4. PSF is making Python available to Licensee on an ""AS IS""
basis.  PSF MAKES NO REPRESENTATIONS OR WARRANTIES, EXPRESS OR
IMPLIED.  BY WAY OF EXAMPLE, BUT NOT LIMITATION, PSF MAKES NO AND
DISCLAIMS ANY REPRESENTATION OR WARRANTY OF MERCHANTABILITY OR FITNESS
FOR ANY PARTICULAR PURPOSE OR THAT THE USE OF PYTHON WILL NOT
INFRINGE ANY THIRD PARTY RIGHTS.

5. PSF SHALL NOT BE LIABLE TO LICENSEE OR ANY OTHER USERS OF PYTHON
FOR ANY INCIDENTAL, SPECIAL, OR CONSEQUENTIAL DAMAGES OR LOSS AS
A RESULT OF MODIFYING, DISTRIBUTING, OR OTHERWISE USING PYTHON,
OR ANY DERIVATIVE THEREOF, EVEN IF ADVISED OF THE POSSIBILITY THEREOF.

6. This License Agreement will automatically terminate upon a material
breach of its terms and conditions.

7. Nothing in this License Agreement shall be deemed to create any
relationship of agency, partnership, or joint venture between PSF and
Licensee.  This License Agreement does not grant permission to use PSF
trademarks or trade name in a trademark sense to endorse or promote
products or services of Licensee, or any third party.

8. By copying, installing or otherwise using Python, Licensee
agrees to be bound by the terms and conditions of this License
Agreement.


BEOPEN.COM LICENSE AGREEMENT FOR PYTHON 2.0
-------------------------------------------

BEOPEN PYTHON OPEN SOURCE LICENSE AGREEMENT VERSION 1

1. This LICENSE AGREEMENT is between BeOpen.com (""BeOpen""), having an
office at 160 Saratoga Avenue, Santa Clara, CA 95051, and the
Individual or Organization (""Licensee"") accessing and otherwise using
this software in source or binary form and its associated
documentation (""the Software"").

2. Subject to the terms and conditions of this BeOpen Python License
Agreement, BeOpen hereby grants Licensee a non-exclusive,
royalty-free, world-wide license to reproduce, analyze, test, perform
and/or display publicly, prepare derivative works, distribute, and
otherwise use the Software alone or in any derivative version,
provided, however, that the BeOpen Python License is retained in the
Software, alone or in any derivative version prepared by Licensee.

3. BeOpen is making the Software available to Licensee on an ""AS IS""
basis.  BEOPEN MAKES NO REPRESENTATIONS OR WARRANTIES, EXPRESS OR
IMPLIED.  BY WAY OF EXAMPLE, BUT NOT LIMITATION, BEOPEN MAKES NO AND
DISCLAIMS ANY REPRESENTATION OR WARRANTY OF MERCHANTABILITY OR FITNESS
FOR ANY PARTICULAR PURPOSE OR THAT THE USE OF THE SOFTWARE WILL NOT
INFRINGE ANY THIRD PARTY RIGHTS.

4. BEOPEN SHALL NOT BE LIABLE TO LICENSEE OR ANY OTHER USERS OF THE
SOFTWARE FOR ANY INCIDENTAL, SPECIAL, OR CONSEQUENTIAL DAMAGES OR LOSS
AS A RESULT OF USING, MODIFYING OR DISTRIBUTING THE SOFTWARE, OR ANY
DERIVATIVE THEREOF, EVEN IF ADVISED OF THE POSSIBILITY THEREOF.

5. This License Agreement will automatically terminate upon a material
breach of its terms and conditions.

6. This License Agreement shall be governed by and interpreted in all
respects by the law of the State of California, excluding conflict of
law provisions.  Nothing in this License Agreement shall be deemed to
create any relationship of agency, partnership, or joint venture
between BeOpen and Licensee.  This License Agreement does not grant
permission to use BeOpen trademarks or trade names in a trademark
sense to endorse or promote products or services of Licensee, or any
third party.  As an exception, the ""BeOpen Python"" logos available at
http://www.pythonlabs.com/logos.html may be used according to the
permissions granted on that web page.

7. By copying, installing or otherwise using the software, Licensee
agrees to be bound by the terms and conditions of this License
Agreement.


CNRI LICENSE AGREEMENT FOR PYTHON 1.6.1
---------------------------------------

1. This LICENSE AGREEMENT is between the Corporation for National
Research Initiatives, having an office at 1895 Preston White Drive,
Reston, VA 20191 (""CNRI""), and the Individual or Organization
(""Licensee"") accessing and otherwise using Python 1.6.1 software in
source or binary form and its associated documentation.

2. Subject to the terms and conditions of this License Agreement, CNRI
hereby grants Licensee a nonexclusive, royalty-free, world-wide
license to reproduce, analyze, test, perform and/or display publicly,
prepare derivative works, distribute, and otherwise use Python 1.6.1
alone or in any derivative version, provided, however, that CNRI's
License Agreement and CNRI's notice of copyright, i.e., ""Copyright (c)
1995-2001 Corporation for National Research Initiatives; All Rights
Reserved"" are retained in Python 1.6.1 alone or in any derivative
version prepared by Licensee.  Alternately, in lieu of CNRI's License
Agreement, Licensee may substitute the following text (omitting the
quotes): ""Python 1.6.1 is made available subject to the terms and
conditions in CNRI's License Agreement.  This Agreement together with
Python 1.6.1 may be located on the internet using the following
unique, persistent identifier (known as a handle): 1895.22/1013.  This
Agreement may also be obtained from a proxy server on the internet
using the following URL: http://hdl.handle.net/1895.22/1013"".

3. In the event Licensee prepares a derivative work that is based on
or incorporates Python 1.6.1 or any part thereof, and wants to make
the derivative work available to others as provided herein, then
Licensee hereby agrees to include in any such work a brief summary of
the changes made to Python 1.6.1.

4. CNRI is making Python 1.6.1 available to Licensee on an ""AS IS""
basis.  CNRI MAKES NO REPRESENTATIONS OR WARRANTIES, EXPRESS OR
IMPLIED.  BY WAY OF EXAMPLE, BUT NOT LIMITATION, CNRI MAKES NO AND
DISCLAIMS ANY REPRESENTATION OR WARRANTY OF MERCHANTABILITY OR FITNESS
FOR ANY PARTICULAR PURPOSE OR THAT THE USE OF PYTHON 1.6.1 WILL NOT
INFRINGE ANY THIRD PARTY RIGHTS.

5. CNRI SHALL NOT BE LIABLE TO LICENSEE OR ANY OTHER USERS OF PYTHON
1.6.1 FOR ANY INCIDENTAL, SPECIAL, OR CONSEQUENTIAL DAMAGES OR LOSS AS
A RESULT OF MODIFYING, DISTRIBUTING, OR OTHERWISE USING PYTHON 1.6.1,
OR ANY DERIVATIVE THEREOF, EVEN IF ADVISED OF THE POSSIBILITY THEREOF.

6. This License Agreement will automatically terminate upon a material
breach of its terms and conditions.

7. This License Agreement shall be governed by the federal
intellectual property law of the United States, including without
limitation the federal copyright law, and, to the extent such
U.S. federal law does not apply, by the law of the Commonwealth of
Virginia, excluding Virginia's conflict of law provisions.
Notwithstanding the foregoing, with regard to derivative works based
on Python 1.6.1 that incorporate non-separable material that was
previously distributed under the GNU General Public License (GPL), the
law of the Commonwealth of Virginia shall govern this License
Agreement only as to issues arising under or with respect to
Paragraphs 4, 5, and 7 of this License Agreement.  Nothing in this
License Agreement shall be deemed to create any relationship of
agency, partnership, or joint venture between CNRI and Licensee.  This
License Agreement does not grant permission to use CNRI trademarks or
trade name in a trademark sense to endorse or promote products or
services of Licensee, or any third party.

8. By clicking on the ""ACCEPT"" button where indicated, or by copying,
installing or otherwise using Python 1.6.1, Licensee agrees to be
bound by the terms and conditions of this License Agreement.

        ACCEPT


CWI LICENSE AGREEMENT FOR PYTHON 0.9.0 THROUGH 1.2
--------------------------------------------------

Copyright (c) 1991 - 1995, Stichting Mathematisch Centrum Amsterdam,
The Netherlands.  All rights reserved.

Permission to use, copy, modify, and distribute this software and its
documentation for any purpose and without fee is hereby granted,
provided that the above copyright notice appear in all copies and that
both that copyright notice and this permission notice appear in
supporting documentation, and that the name of Stichting Mathematisch
Centrum or CWI not be used in advertising or publicity pertaining to
distribution of the software without specific, written prior
permission.

STICHTING MATHEMATISCH CENTRUM DISCLAIMS ALL WARRANTIES WITH REGARD TO
THIS SOFTWARE, INCLUDING ALL IMPLIED WARRANTIES OF MERCHANTABILITY AND
FITNESS, IN NO EVENT SHALL STICHTING MATHEMATISCH CENTRUM BE LIABLE
FOR ANY SPECIAL, INDIRECT OR CONSEQUENTIAL DAMAGES OR ANY DAMAGES
WHATSOEVER RESULTING FROM LOSS OF USE, DATA OR PROFITS, WHETHER IN AN
ACTION OF CONTRACT, NEGLIGENCE OR OTHER TORTIOUS ACTION, ARISING OUT
OF OR IN CONNECTION WITH THE USE OR PERFORMANCE OF THIS SOFTWARE.

ZERO-CLAUSE BSD LICENSE FOR CODE IN THE PYTHON DOCUMENTATION
----------------------------------------------------------------------

Permission to use, copy, modify, and/or distribute this software for any
purpose with or without fee is hereby granted.

THE SOFTWARE IS PROVIDED ""AS IS"" AND THE AUTHOR DISCLAIMS ALL WARRANTIES WITH
REGARD TO THIS SOFTWARE INCLUDING ALL IMPLIED WARRANTIES OF MERCHANTABILITY
AND FITNESS. IN NO EVENT SHALL THE AUTHOR BE LIABLE FOR ANY SPECIAL, DIRECT,
INDIRECT, OR CONSEQUENTIAL DAMAGES OR ANY DAMAGES WHATSOEVER RESULTING FROM
LOSS OF USE, DATA OR PROFITS, WHETHER IN AN ACTION OF CONTRACT, NEGLIGENCE OR
OTHER TORTIOUS ACTION, ARISING OUT OF OR IN CONNECTION WITH THE USE OR
PERFORMANCE OF THIS SOFTWARE.",License metadata field (raw),0d1757b339f5db2d017a89ddaae06a82cd7a2cce26b8063df9f52b64e933fb47,CADD Suite wheel 08a7b1ef; HEAD 6bd2006; pip 26.2.1; Linux x86_64; CPython 3.12.14; all declared extras resolved together
MDAnalysis,2.10.0,"==========================================================================
Licensing of the MDAnalysis library
==========================================================================

The MDAnalyis library is packaged under the terms of the GNU Lesser
General Public License version 3 or any later version (LGPLv3+).

Developer contributions to the library are, unless otherwise stated,
made under the GNU Lesser General Public License version 2.1 or any
later version (LGPLv2.1+).

The MDAnalysis library also includes external codes provided under licenses
compatible with the terms of the GNU Lesser General Public License version
3 or any later version (LGPLv3+). These are outlined under
""Licenses of components of MDAnalysis"".

==========================================================================
Licenses of components of MDAnalysis
==========================================================================

                  GNU LESSER GENERAL PUBLIC LICENSE
                       Version 2.1, February 1999

 Copyright (C) 1991, 1999 Free Software Foundation, Inc.
 51 Franklin Street, Fifth Floor, Boston, MA  02110-1301  USA
 Everyone is permitted to copy and distribute verbatim copies
 of this license document, but changing it is not allowed.

[This is the first released version of the Lesser GPL.  It also counts
 as the successor of the GNU Library Public License, version 2, hence
 the version number 2.1.]

                            Preamble

  The licenses for most software are designed to take away your
freedom to share and change it.  By contrast, the GNU General Public
Licenses are intended to guarantee your freedom to share and change
free software--to make sure the software is free for all its users.

  This license, the Lesser General Public License, applies to some
specially designated software packages--typically libraries--of the
Free Software Foundation and other authors who decide to use it.  You
can use it too, but we suggest you first think carefully about whether
this license or the ordinary General Public License is the better
strategy to use in any particular case, based on the explanations below.

  When we speak of free software, we are referring to freedom of use,
not price.  Our General Public Licenses are designed to make sure that
you have the freedom to distribute copies of free software (and charge
for this service if you wish); that you receive source code or can get
it if you want it; that you can change the software and use pieces of
it in new free programs; and that you are informed that you can do
these things.

  To protect your rights, we need to make restrictions that forbid
distributors to deny you these rights or to ask you to surrender these
rights.  These restrictions translate to certain responsibilities for
you if you distribute copies of the library or if you modify it.

  For example, if you distribute copies of the library, whether gratis
or for a fee, you must give the recipients all the rights that we gave
you.  You must make sure that they, too, receive or can get the source
code.  If you link other code with the library, you must provide
complete object files to the recipients, so that they can relink them
with the library after making changes to the library and recompiling
it.  And you must show them these terms so they know their rights.

  We protect your rights with a two-step method: (1) we copyright the
library, and (2) we offer you this license, which gives you legal
permission to copy, distribute and/or modify the library.

  To protect each distributor, we want to make it very clear that
there is no warranty for the free library.  Also, if the library is
modified by someone else and passed on, the recipients should know
that what they have is not the original version, so that the original
author's reputation will not be affected by problems that might be
introduced by others.

  Finally, software patents pose a constant threat to the existence of
any free program.  We wish to make sure that a company cannot
effectively restrict the users of a free program by obtaining a
restrictive license from a patent holder.  Therefore, we insist that
any patent license obtained for a version of the library must be
consistent with the full freedom of use specified in this license.

  Most GNU software, including some libraries, is covered by the
ordinary GNU General Public License.  This license, the GNU Lesser
General Public License, applies to certain designated libraries, and
is quite different from the ordinary General Public License.  We use
this license for certain libraries in order to permit linking those
libraries into non-free programs.

  When a program is linked with a library, whether statically or using
a shared library, the combination of the two is legally speaking a
combined work, a derivative of the original library.  The ordinary
General Public License therefore permits such linking only if the
entire combination fits its criteria of freedom.  The Lesser General
Public License permits more lax criteria for linking other code with
the library.

  We call this license the ""Lesser"" General Public License because it
does Less to protect the user's freedom than the ordinary General
Public License.  It also provides other free software developers Less
of an advantage over competing non-free programs.  These disadvantages
are the reason we use the ordinary General Public License for many
libraries.  However, the Lesser license provides advantages in certain
special circumstances.

  For example, on rare occasions, there may be a special need to
encourage the widest possible use of a certain library, so that it becomes
a de-facto standard.  To achieve this, non-free programs must be
allowed to use the library.  A more frequent case is that a free
library does the same job as widely used non-free libraries.  In this
case, there is little to gain by limiting the free library to free
software only, so we use the Lesser General Public License.

  In other cases, permission to use a particular library in non-free
programs enables a greater number of people to use a large body of
free software.  For example, permission to use the GNU C Library in
non-free programs enables many more people to use the whole GNU
operating system, as well as its variant, the GNU/Linux operating
system.

  Although the Lesser General Public License is Less protective of the
users' freedom, it does ensure that the user of a program that is
linked with the Library has the freedom and the wherewithal to run
that program using a modified version of the Library.

  The precise terms and conditions for copying, distribution and
modification follow.  Pay close attention to the difference between a
""work based on the library"" and a ""work that uses the library"".  The
former contains code derived from the library, whereas the latter must
be combined with the library in order to run.

                  GNU LESSER GENERAL PUBLIC LICENSE
   TERMS AND CONDITIONS FOR COPYING, DISTRIBUTION AND MODIFICATION

  0. This License Agreement applies to any software library or other
program which contains a notice placed by the copyright holder or
other authorized party saying it may be distributed under the terms of
this Lesser General Public License (also called ""this License"").
Each licensee is addressed as ""you"".

  A ""library"" means a collection of software functions and/or data
prepared so as to be conveniently linked with application programs
(which use some of those functions and data) to form executables.

  The ""Library"", below, refers to any such software library or work
which has been distributed under these terms.  A ""work based on the
Library"" means either the Library or any derivative work under
copyright law: that is to say, a work containing the Library or a
portion of it, either verbatim or with modifications and/or translated
straightforwardly into another language.  (Hereinafter, translation is
included without limitation in the term ""modification"".)

  ""Source code"" for a work means the preferred form of the work for
making modifications to it.  For a library, complete source code means
all the source code for all modules it contains, plus any associated
interface definition files, plus the scripts used to control compilation
and installation of the library.

  Activities other than copying, distribution and modification are not
covered by this License; they are outside its scope.  The act of
running a program using the Library is not restricted, and output from
such a program is covered only if its contents constitute a work based
on the Library (independent of the use of the Library in a tool for
writing it).  Whether that is true depends on what the Library does
and what the program that uses the Library does.

  1. You may copy and distribute verbatim copies of the Library's
complete source code as you receive it, in any medium, provided that
you conspicuously and appropriately publish on each copy an
appropriate copyright notice and disclaimer of warranty; keep intact
all the notices that refer to this License and to the absence of any
warranty; and distribute a copy of this License along with the
Library.

  You may charge a fee for the physical act of transferring a copy,
and you may at your option offer warranty protection in exchange for a
fee.

  2. You may modify your copy or copies of the Library or any portion
of it, thus forming a work based on the Library, and copy and
distribute such modifications or work under the terms of Section 1
above, provided that you also meet all of these conditions:

    a) The modified work must itself be a software library.

    b) You must cause the files modified to carry prominent notices
    stating that you changed the files and the date of any change.

    c) You must cause the whole of the work to be licensed at no
    charge to all third parties under the terms of this License.

    d) If a facility in the modified Library refers to a function or a
    table of data to be supplied by an application program that uses
    the facility, other than as an argument passed when the facility
    is invoked, then you must make a good faith effort to ensure that,
    in the event an application does not supply such function or
    table, the facility still operates, and performs whatever part of
    its purpose remains meaningful.

    (For example, a function in a library to compute square roots has
    a purpose that is entirely well-defined independent of the
    application.  Therefore, Subsection 2d requires that any
    application-supplied function or table used by this function must
    be optional: if the application does not supply it, the square
    root function must still compute square roots.)

These requirements apply to the modified work as a whole.  If
identifiable sections of that work are not derived from the Library,
and can be reasonably considered independent and separate works in
themselves, then this License, and its terms, do not apply to those
sections when you distribute them as separate works.  But when you
distribute the same sections as part of a whole which is a work based
on the Library, the distribution of the whole must be on the terms of
this License, whose permissions for other licensees extend to the
entire whole, and thus to each and every part regardless of who wrote
it.

Thus, it is not the intent of this section to claim rights or contest
your rights to work written entirely by you; rather, the intent is to
exercise the right to control the distribution of derivative or
collective works based on the Library.

In addition, mere aggregation of another work not based on the Library
with the Library (or with a work based on the Library) on a volume of
a storage or distribution medium does not bring the other work under
the scope of this License.

  3. You may opt to apply the terms of the ordinary GNU General Public
License instead of this License to a given copy of the Library.  To do
this, you must alter all the notices that refer to this License, so
that they refer to the ordinary GNU General Public License, version 2,
instead of to this License.  (If a newer version than version 2 of the
ordinary GNU General Public License has appeared, then you can specify
that version instead if you wish.)  Do not make any other change in
these notices.

  Once this change is made in a given copy, it is irreversible for
that copy, so the ordinary GNU General Public License applies to all
subsequent copies and derivative works made from that copy.

  This option is useful when you wish to copy part of the code of
the Library into a program that is not a library.

  4. You may copy and distribute the Library (or a portion or
derivative of it, under Section 2) in object code or executable form
under the terms of Sections 1 and 2 above provided that you accompany
it with the complete corresponding machine-readable source code, which
must be distributed under the terms of Sections 1 and 2 above on a
medium customarily used for software interchange.

  If distribution of object code is made by offering access to copy
from a designated place, then offering equivalent access to copy the
source code from the same place satisfies the requirement to
distribute the source code, even though third parties are not
compelled to copy the source along with the object code.

  5. A program that contains no derivative of any portion of the
Library, but is designed to work with the Library by being compiled or
linked with it, is called a ""work that uses the Library"".  Such a
work, in isolation, is not a derivative work of the Library, and
therefore falls outside the scope of this License.

  However, linking a ""work that uses the Library"" with the Library
creates an executable that is a derivative of the Library (because it
contains portions of the Library), rather than a ""work that uses the
library"".  The executable is therefore covered by this License.
Section 6 states terms for distribution of such executables.

  When a ""work that uses the Library"" uses material from a header file
that is part of the Library, the object code for the work may be a
derivative work of the Library even though the source code is not.
Whether this is true is especially significant if the work can be
linked without the Library, or if the work is itself a library.  The
threshold for this to be true is not precisely defined by law.

  If such an object file uses only numerical parameters, data
structure layouts and accessors, and small macros and small inline
functions (ten lines or less in length), then the use of the object
file is unrestricted, regardless of whether it is legally a derivative
work.  (Executables containing this object code plus portions of the
Library will still fall under Section 6.)

  Otherwise, if the work is a derivative of the Library, you may
distribute the object code for the work under the terms of Section 6.
Any executables containing that work also fall under Section 6,
whether or not they are linked directly with the Library itself.

  6. As an exception to the Sections above, you may also combine or
link a ""work that uses the Library"" with the Library to produce a
work containing portions of the Library, and distribute that work
under terms of your choice, provided that the terms permit
modification of the work for the customer's own use and reverse
engineering for debugging such modifications.

  You must give prominent notice with each copy of the work that the
Library is used in it and that the Library and its use are covered by
this License.  You must supply a copy of this License.  If the work
during execution displays copyright notices, you must include the
copyright notice for the Library among them, as well as a reference
directing the user to the copy of this License.  Also, you must do one
of these things:

    a) Accompany the work with the complete corresponding
    machine-readable source code for the Library including whatever
    changes were used in the work (which must be distributed under
    Sections 1 and 2 above); and, if the work is an executable linked
    with the Library, with the complete machine-readable ""work that
    uses the Library"", as object code and/or source code, so that the
    user can modify the Library and then relink to produce a modified
    executable containing the modified Library.  (It is understood
    that the user who changes the contents of definitions files in the
    Library will not necessarily be able to recompile the application
    to use the modified definitions.)

    b) Use a suitable shared library mechanism for linking with the
    Library.  A suitable mechanism is one that (1) uses at run time a
    copy of the library already present on the user's computer system,
    rather than copying library functions into the executable, and (2)
    will operate properly with a modified version of the library, if
    the user installs one, as long as the modified version is
    interface-compatible with the version that the work was made with.

    c) Accompany the work with a written offer, valid for at
    least three years, to give the same user the materials
    specified in Subsection 6a, above, for a charge no more
    than the cost of performing this distribution.

    d) If distribution of the work is made by offering access to copy
    from a designated place, offer equivalent access to copy the above
    specified materials from the same place.

    e) Verify that the user has already received a copy of these
    materials or that you have already sent this user a copy.

  For an executable, the required form of the ""work that uses the
Library"" must include any data and utility programs needed for
reproducing the executable from it.  However, as a special exception,
the materials to be distributed need not include anything that is
normally distributed (in either source or binary form) with the major
components (compiler, kernel, and so on) of the operating system on
which the executable runs, unless that component itself accompanies
the executable.

  It may happen that this requirement contradicts the license
restrictions of other proprietary libraries that do not normally
accompany the operating system.  Such a contradiction means you cannot
use both them and the Library together in an executable that you
distribute.

  7. You may place library facilities that are a work based on the
Library side-by-side in a single library together with other library
facilities not covered by this License, and distribute such a combined
library, provided that the separate distribution of the work based on
the Library and of the other library facilities is otherwise
permitted, and provided that you do these two things:

    a) Accompany the combined library with a copy of the same work
    based on the Library, uncombined with any other library
    facilities.  This must be distributed under the terms of the
    Sections above.

    b) Give prominent notice with the combined library of the fact
    that part of it is a work based on the Library, and explaining
    where to find the accompanying uncombined form of the same work.

  8. You may not copy, modify, sublicense, link with, or distribute
the Library except as expressly provided under this License.  Any
attempt otherwise to copy, modify, sublicense, link with, or
distribute the Library is void, and will automatically terminate your
rights under this License.  However, parties who have received copies,
or rights, from you under this License will not have their licenses
terminated so long as such parties remain in full compliance.

  9. You are not required to accept this License, since you have not
signed it.  However, nothing else grants you permission to modify or
distribute the Library or its derivative works.  These actions are
prohibited by law if you do not accept this License.  Therefore, by
modifying or distributing the Library (or any work based on the
Library), you indicate your acceptance of this License to do so, and
all its terms and conditions for copying, distributing or modifying
the Library or works based on it.

  10. Each time you redistribute the Library (or any work based on the
Library), the recipient automatically receives a license from the
original licensor to copy, distribute, link with or modify the Library
subject to these terms and conditions.  You may not impose any further
restrictions on the recipients' exercise of the rights granted herein.
You are not responsible for enforcing compliance by third parties with
this License.

  11. If, as a consequence of a court judgment or allegation of patent
infringement or for any other reason (not limited to patent issues),
conditions are imposed on you (whether by court order, agreement or
otherwise) that contradict the conditions of this License, they do not
excuse you from the conditions of this License.  If you cannot
distribute so as to satisfy simultaneously your obligations under this
License and any other pertinent obligations, then as a consequence you
may not distribute the Library at all.  For example, if a patent
license would not permit royalty-free redistribution of the Library by
all those who receive copies directly or indirectly through you, then
the only way you could satisfy both it and this License would be to
refrain entirely from distribution of the Library.

If any portion of this section is held invalid or unenforceable under any
particular circumstance, the balance of the section is intended to apply,
and the section as a whole is intended to apply in other circumstances.

It is not the purpose of this section to induce you to infringe any
patents or other property right claims or to contest validity of any
such claims; this section has the sole purpose of protecting the
integrity of the free software distribution system which is
implemented by public license practices.  Many people have made
generous contributions to the wide range of software distributed
through that system in reliance on consistent application of that
system; it is up to the author/donor to decide if he or she is willing
to distribute software through any other system and a licensee cannot
impose that choice.

This section is intended to make thoroughly clear what is believed to
be a consequence of the rest of this License.

  12. If the distribution and/or use of the Library is restricted in
certain countries either by patents or by copyrighted interfaces, the
original copyright holder who places the Library under this License may add
an explicit geographical distribution limitation excluding those countries,
so that distribution is permitted only in or among countries not thus
excluded.  In such case, this License incorporates the limitation as if
written in the body of this License.

  13. The Free Software Foundation may publish revised and/or new
versions of the Lesser General Public License from time to time.
Such new versions will be similar in spirit to the present version,
but may differ in detail to address new problems or concerns.

Each version is given a distinguishing version number.  If the Library
specifies a version number of this License which applies to it and
""any later version"", you have the option of following the terms and
conditions either of that version or of any later version published by
the Free Software Foundation.  If the Library does not specify a
license version number, you may choose any version ever published by
the Free Software Foundation.

  14. If you wish to incorporate parts of the Library into other free
programs whose distribution conditions are incompatible with these,
write to the author to ask for permission.  For software which is
copyrighted by the Free Software Foundation, write to the Free
Software Foundation; we sometimes make exceptions for this.  Our
decision will be guided by the two goals of preserving the free status
of all derivatives of our free software and of promoting the sharing
and reuse of software generally.

                            NO WARRANTY

  15. BECAUSE THE LIBRARY IS LICENSED FREE OF CHARGE, THERE IS NO
WARRANTY FOR THE LIBRARY, TO THE EXTENT PERMITTED BY APPLICABLE LAW.
EXCEPT WHEN OTHERWISE STATED IN WRITING THE COPYRIGHT HOLDERS AND/OR
OTHER PARTIES PROVIDE THE LIBRARY ""AS IS"" WITHOUT WARRANTY OF ANY
KIND, EITHER EXPRESSED OR IMPLIED, INCLUDING, BUT NOT LIMITED TO, THE
IMPLIED WARRANTIES OF MERCHANTABILITY AND FITNESS FOR A PARTICULAR
PURPOSE.  THE ENTIRE RISK AS TO THE QUALITY AND PERFORMANCE OF THE
LIBRARY IS WITH YOU.  SHOULD THE LIBRARY PROVE DEFECTIVE, YOU ASSUME
THE COST OF ALL NECESSARY SERVICING, REPAIR OR CORRECTION.

  16. IN NO EVENT UNLESS REQUIRED BY APPLICABLE LAW OR AGREED TO IN
WRITING WILL ANY COPYRIGHT HOLDER, OR ANY OTHER PARTY WHO MAY MODIFY
AND/OR REDISTRIBUTE THE LIBRARY AS PERMITTED ABOVE, BE LIABLE TO YOU
FOR DAMAGES, INCLUDING ANY GENERAL, SPECIAL, INCIDENTAL OR
CONSEQUENTIAL DAMAGES ARISING OUT OF THE USE OR INABILITY TO USE THE
LIBRARY (INCLUDING BUT NOT LIMITED TO LOSS OF DATA OR DATA BEING
RENDERED INACCURATE OR LOSSES SUSTAINED BY YOU OR THIRD PARTIES OR A
FAILURE OF THE LIBRARY TO OPERATE WITH ANY OTHER SOFTWARE), EVEN IF
SUCH HOLDER OR OTHER PARTY HAS BEEN ADVISED OF THE POSSIBILITY OF SUCH
DAMAGES.

                     END OF TERMS AND CONDITIONS

           How to Apply These Terms to Your New Libraries

  If you develop a new library, and you want it to be of the greatest
possible use to the public, we recommend making it free software that
everyone can redistribute and change.  You can do so by permitting
redistribution under these terms (or, alternatively, under the terms of the
ordinary General Public License).

  To apply these terms, attach the following notices to the library.  It is
safest to attach them to the start of each source file to most effectively
convey the exclusion of warranty; and each file should have at least the
""copyright"" line and a pointer to where the full notice is found.

    <one line to give the library's name and a brief idea of what it does.>
    Copyright (C) <year>  <name of author>

    This library is free software; you can redistribute it and/or
    modify it under the terms of the GNU Lesser General Public
    License as published by the Free Software Foundation; either
    version 2.1 of the License, or (at your option) any later version.

    This library is distributed in the hope that it will be useful,
    but WITHOUT ANY WARRANTY; without even the implied warranty of
    MERCHANTABILITY or FITNESS FOR A PARTICULAR PURPOSE.  See the GNU
    Lesser General Public License for more details.

    You should have received a copy of the GNU Lesser General Public
    License along with this library; if not, write to the Free Software
    Foundation, Inc., 51 Franklin Street, Fifth Floor, Boston, MA  02110-1301
    USA

Also add information on how to contact you by electronic and paper mail.

You should also get your employer (if you work as a programmer) or your
school, if any, to sign a ""copyright disclaimer"" for the library, if
necessary.  Here is a sample; alter the names:

  Yoyodyne, Inc., hereby disclaims all copyright interest in the
  library `Frob' (a library for tweaking knobs) written by James Random
  Hacker.

  <signature of Ty Coon>, 1 April 1990
  Ty Coon, President of Vice

That's all there is to it!


==========================================================================


                   GNU LESSER GENERAL PUBLIC LICENSE
                       Version 3, 29 June 2007

 Copyright (C) 2007 Free Software Foundation, Inc. <https://fsf.org/>
 Everyone is permitted to copy and distribute verbatim copies
 of this license document, but changing it is not allowed.


  This version of the GNU Lesser General Public License incorporates
the terms and conditions of version 3 of the GNU General Public
License, supplemented by the additional permissions listed below.

  0. Additional Definitions.

  As used herein, ""this License"" refers to version 3 of the GNU Lesser
General Public License, and the ""GNU GPL"" refers to version 3 of the GNU
General Public License.

  ""The Library"" refers to a covered work governed by this License,
other than an Application or a Combined Work as defined below.

  An ""Application"" is any work that makes use of an interface provided
by the Library, but which is not otherwise based on the Library.
Defining a subclass of a class defined by the Library is deemed a mode
of using an interface provided by the Library.

  A ""Combined Work"" is a work produced by combining or linking an
Application with the Library.  The particular version of the Library
with which the Combined Work was made is also called the ""Linked
Version"".

  The ""Minimal Corresponding Source"" for a Combined Work means the
Corresponding Source for the Combined Work, excluding any source code
for portions of the Combined Work that, considered in isolation, are
based on the Application, and not on the Linked Version.

  The ""Corresponding Application Code"" for a Combined Work means the
object code and/or source code for the Application, including any data
and utility programs needed for reproducing the Combined Work from the
Application, but excluding the System Libraries of the Combined Work.

  1. Exception to Section 3 of the GNU GPL.

  You may convey a covered work under sections 3 and 4 of this License
without being bound by section 3 of the GNU GPL.

  2. Conveying Modified Versions.

  If you modify a copy of the Library, and, in your modifications, a
facility refers to a function or data to be supplied by an Application
that uses the facility (other than as an argument passed when the
facility is invoked), then you may convey a copy of the modified
version:

   a) under this License, provided that you make a good faith effort to
   ensure that, in the event an Application does not supply the
   function or data, the facility still operates, and performs
   whatever part of its purpose remains meaningful, or

   b) under the GNU GPL, with none of the additional permissions of
   this License applicable to that copy.

  3. Object Code Incorporating Material from Library Header Files.

  The object code form of an Application may incorporate material from
a header file that is part of the Library.  You may convey such object
code under terms of your choice, provided that, if the incorporated
material is not limited to numerical parameters, data structure
layouts and accessors, or small macros, inline functions and templates
(ten or fewer lines in length), you do both of the following:

   a) Give prominent notice with each copy of the object code that the
   Library is used in it and that the Library and its use are
   covered by this License.

   b) Accompany the object code with a copy of the GNU GPL and this license
   document.

  4. Combined Works.

  You may convey a Combined Work under terms of your choice that,
taken together, effectively do not restrict modification of the
portions of the Library contained in the Combined Work and reverse
engineering for debugging such modifications, if you also do each of
the following:

   a) Give prominent notice with each copy of the Combined Work that
   the Library is used in it and that the Library and its use are
   covered by this License.

   b) Accompany the Combined Work with a copy of the GNU GPL and this license
   document.

   c) For a Combined Work that displays copyright notices during
   execution, include the copyright notice for the Library among
   these notices, as well as a reference directing the user to the
   copies of the GNU GPL and this license document.

   d) Do one of the following:

       0) Convey the Minimal Corresponding Source under the terms of this
       License, and the Corresponding Application Code in a form
       suitable for, and under terms that permit, the user to
       recombine or relink the Application with a modified version of
       the Linked Version to produce a modified Combined Work, in the
       manner specified by section 6 of the GNU GPL for conveying
       Corresponding Source.

       1) Use a suitable shared library mechanism for linking with the
       Library.  A suitable mechanism is one that (a) uses at run time
       a copy of the Library already present on the user's computer
       system, and (b) will operate properly with a modified version
       of the Library that is interface-compatible with the Linked
       Version.

   e) Provide Installation Information, but only if you would otherwise
   be required to provide such information under section 6 of the
   GNU GPL, and only to the extent that such information is
   necessary to install and execute a modified version of the
   Combined Work produced by recombining or relinking the
   Application with a modified version of the Linked Version. (If
   you use option 4d0, the Installation Information must accompany
   the Minimal Corresponding Source and Corresponding Application
   Code. If you use option 4d1, you must provide the Installation
   Information in the manner specified by section 6 of the GNU GPL
   for conveying Corresponding Source.)

  5. Combined Libraries.

  You may place library facilities that are a work based on the
Library side by side in a single library together with other library
facilities that are not Applications and are not covered by this
License, and convey such a combined library under terms of your
choice, if you do both of the following:

   a) Accompany the combined library with a copy of the same work based
   on the Library, uncombined with any other library facilities,
   conveyed under the terms of this License.

   b) Give prominent notice with the combined library that part of it
   is a work based on the Library, and explaining where to find the
   accompanying uncombined form of the same work.

  6. Revised Versions of the GNU Lesser General Public License.

  The Free Software Foundation may publish revised and/or new versions
of the GNU Lesser General Public License from time to time. Such new
versions will be similar in spirit to the present version, but may
differ in detail to address new problems or concerns.

  Each version is given a distinguishing version number. If the
Library as you received it specifies that a certain numbered version
of the GNU Lesser General Public License ""or any later version""
applies to it, you have the option of following the terms and
conditions either of that published version or of any later version
published by the Free Software Foundation. If the Library as you
received it does not specify a version number of the GNU Lesser
General Public License, you may choose any version of the GNU Lesser
General Public License ever published by the Free Software Foundation.

  If the Library as you received it specifies that a proxy can decide
whether future versions of the GNU Lesser General Public License shall
apply, that proxy's public statement of acceptance of any version is
permanent authorization for you to choose that version for the
Library.

==========================================================================

                    GNU GENERAL PUBLIC LICENSE
                       Version 3, 29 June 2007

 Copyright (C) 2007 Free Software Foundation, Inc. <https://fsf.org/>
 Everyone is permitted to copy and distribute verbatim copies
 of this license document, but changing it is not allowed.

                            Preamble

  The GNU General Public License is a free, copyleft license for
software and other kinds of works.

  The licenses for most software and other practical works are designed
to take away your freedom to share and change the works.  By contrast,
the GNU General Public License is intended to guarantee your freedom to
share and change all versions of a program--to make sure it remains free
software for all its users.  We, the Free Software Foundation, use the
GNU General Public License for most of our software; it applies also to
any other work released this way by its authors.  You can apply it to
your programs, too.

  When we speak of free software, we are referring to freedom, not
price.  Our General Public Licenses are designed to make sure that you
have the freedom to distribute copies of free software (and charge for
them if you wish), that you receive source code or can get it if you
want it, that you can change the software or use pieces of it in new
free programs, and that you know you can do these things.

  To protect your rights, we need to prevent others from denying you
these rights or asking you to surrender the rights.  Therefore, you have
certain responsibilities if you distribute copies of the software, or if
you modify it: responsibilities to respect the freedom of others.

  For example, if you distribute copies of such a program, whether
gratis or for a fee, you must pass on to the recipients the same
freedoms that you received.  You must make sure that they, too, receive
or can get the source code.  And you must show them these terms so they
know their rights.

  Developers that use the GNU GPL protect your rights with two steps:
(1) assert copyright on the software, and (2) offer you this License
giving you legal permission to copy, distribute and/or modify it.

  For the developers' and authors' protection, the GPL clearly explains
that there is no warranty for this free software.  For both users' and
authors' sake, the GPL requires that modified versions be marked as
changed, so that their problems will not be attributed erroneously to
authors of previous versions.

  Some devices are designed to deny users access to install or run
modified versions of the software inside them, although the manufacturer
can do so.  This is fundamentally incompatible with the aim of
protecting users' freedom to change the software.  The systematic
pattern of such abuse occurs in the area of products for individuals to
use, which is precisely where it is most unacceptable.  Therefore, we
have designed this version of the GPL to prohibit the practice for those
products.  If such problems arise substantially in other domains, we
stand ready to extend this provision to those domains in future versions
of the GPL, as needed to protect the freedom of users.

  Finally, every program is threatened constantly by software patents.
States should not allow patents to restrict development and use of
software on general-purpose computers, but in those that do, we wish to
avoid the special danger that patents applied to a free program could
make it effectively proprietary.  To prevent this, the GPL assures that
patents cannot be used to render the program non-free.

  The precise terms and conditions for copying, distribution and
modification follow.

                       TERMS AND CONDITIONS

  0. Definitions.

  ""This License"" refers to version 3 of the GNU General Public License.

  ""Copyright"" also means copyright-like laws that apply to other kinds of
works, such as semiconductor masks.

  ""The Program"" refers to any copyrightable work licensed under this
License.  Each licensee is addressed as ""you"".  ""Licensees"" and
""recipients"" may be individuals or organizations.

  To ""modify"" a work means to copy from or adapt all or part of the work
in a fashion requiring copyright permission, other than the making of an
exact copy.  The resulting work is called a ""modified version"" of the
earlier work or a work ""based on"" the earlier work.

  A ""covered work"" means either the unmodified Program or a work based
on the Program.

  To ""propagate"" a work means to do anything with it that, without
permission, would make you directly or secondarily liable for
infringement under applicable copyright law, except executing it on a
computer or modifying a private copy.  Propagation includes copying,
distribution (with or without modification), making available to the
public, and in some countries other activities as well.

  To ""convey"" a work means any kind of propagation that enables other
parties to make or receive copies.  Mere interaction with a user through
a computer network, with no transfer of a copy, is not conveying.

  An interactive user interface displays ""Appropriate Legal Notices""
to the extent that it includes a convenient and prominently visible
feature that (1) displays an appropriate copyright notice, and (2)
tells the user that there is no warranty for the work (except to the
extent that warranties are provided), that licensees may convey the
work under this License, and how to view a copy of this License.  If
the interface presents a list of user commands or options, such as a
menu, a prominent item in the list meets this criterion.

  1. Source Code.

  The ""source code"" for a work means the preferred form of the work
for making modifications to it.  ""Object code"" means any non-source
form of a work.

  A ""Standard Interface"" means an interface that either is an official
standard defined by a recognized standards body, or, in the case of
interfaces specified for a particular programming language, one that
is widely used among developers working in that language.

  The ""System Libraries"" of an executable work include anything, other
than the work as a whole, that (a) is included in the normal form of
packaging a Major Component, but which is not part of that Major
Component, and (b) serves only to enable use of the work with that
Major Component, or to implement a Standard Interface for which an
implementation is available to the public in source code form.  A
""Major Component"", in this context, means a major essential component
(kernel, window system, and so on) of the specific operating system
(if any) on which the executable work runs, or a compiler used to
produce the work, or an object code interpreter used to run it.

  The ""Corresponding Source"" for a work in object code form means all
the source code needed to generate, install, and (for an executable
work) run the object code and to modify the work, including scripts to
control those activities.  However, it does not include the work's
System Libraries, or general-purpose tools or generally available free
programs which are used unmodified in performing those activities but
which are not part of the work.  For example, Corresponding Source
includes interface definition files associated with source files for
the work, and the source code for shared libraries and dynamically
linked subprograms that the work is specifically designed to require,
such as by intimate data communication or control flow between those
subprograms and other parts of the work.

  The Corresponding Source need not include anything that users
can regenerate automatically from other parts of the Corresponding
Source.

  The Corresponding Source for a work in source code form is that
same work.

  2. Basic Permissions.

  All rights granted under this License are granted for the term of
copyright on the Program, and are irrevocable provided the stated
conditions are met.  This License explicitly affirms your unlimited
permission to run the unmodified Program.  The output from running a
covered work is covered by this License only if the output, given its
content, constitutes a covered work.  This License acknowledges your
rights of fair use or other equivalent, as provided by copyright law.

  You may make, run and propagate covered works that you do not
convey, without conditions so long as your license otherwise remains
in force.  You may convey covered works to others for the sole purpose
of having them make modifications exclusively for you, or provide you
with facilities for running those works, provided that you comply with
the terms of this License in conveying all material for which you do
not control copyright.  Those thus making or running the covered works
for you must do so exclusively on your behalf, under your direction
and control, on terms that prohibit them from making any copies of
your copyrighted material outside their relationship with you.

  Conveying under any other circumstances is permitted solely under
the conditions stated below.  Sublicensing is not allowed; section 10
makes it unnecessary.

  3. Protecting Users' Legal Rights From Anti-Circumvention Law.

  No covered work shall be deemed part of an effective technological
measure under any applicable law fulfilling obligations under article
11 of the WIPO copyright treaty adopted on 20 December 1996, or
similar laws prohibiting or restricting circumvention of such
measures.

  When you convey a covered work, you waive any legal power to forbid
circumvention of technological measures to the extent such circumvention
is effected by exercising rights under this License with respect to
the covered work, and you disclaim any intention to limit operation or
modification of the work as a means of enforcing, against the work's
users, your or third parties' legal rights to forbid circumvention of
technological measures.

  4. Conveying Verbatim Copies.

  You may convey verbatim copies of the Program's source code as you
receive it, in any medium, provided that you conspicuously and
appropriately publish on each copy an appropriate copyright notice;
keep intact all notices stating that this License and any
non-permissive terms added in accord with section 7 apply to the code;
keep intact all notices of the absence of any warranty; and give all
recipients a copy of this License along with the Program.

  You may charge any price or no price for each copy that you convey,
and you may offer support or warranty protection for a fee.

  5. Conveying Modified Source Versions.

  You may convey a work based on the Program, or the modifications to
produce it from the Program, in the form of source code under the
terms of section 4, provided that you also meet all of these conditions:

    a) The work must carry prominent notices stating that you modified
    it, and giving a relevant date.

    b) The work must carry prominent notices stating that it is
    released under this License and any conditions added under section
    7.  This requirement modifies the requirement in section 4 to
    ""keep intact all notices"".

    c) You must license the entire work, as a whole, under this
    License to anyone who comes into possession of a copy.  This
    License will therefore apply, along with any applicable section 7
    additional terms, to the whole of the work, and all its parts,
    regardless of how they are packaged.  This License gives no
    permission to license the work in any other way, but it does not
    invalidate such permission if you have separately received it.

    d) If the work has interactive user interfaces, each must display
    Appropriate Legal Notices; however, if the Program has interactive
    interfaces that do not display Appropriate Legal Notices, your
    work need not make them do so.

  A compilation of a covered work with other separate and independent
works, which are not by their nature extensions of the covered work,
and which are not combined with it such as to form a larger program,
in or on a volume of a storage or distribution medium, is called an
""aggregate"" if the compilation and its resulting copyright are not
used to limit the access or legal rights of the compilation's users
beyond what the individual works permit.  Inclusion of a covered work
in an aggregate does not cause this License to apply to the other
parts of the aggregate.

  6. Conveying Non-Source Forms.

  You may convey a covered work in object code form under the terms
of sections 4 and 5, provided that you also convey the
machine-readable Corresponding Source under the terms of this License,
in one of these ways:

    a) Convey the object code in, or embodied in, a physical product
    (including a physical distribution medium), accompanied by the
    Corresponding Source fixed on a durable physical medium
    customarily used for software interchange.

    b) Convey the object code in, or embodied in, a physical product
    (including a physical distribution medium), accompanied by a
    written offer, valid for at least three years and valid for as
    long as you offer spare parts or customer support for that product
    model, to give anyone who possesses the object code either (1) a
    copy of the Corresponding Source for all the software in the
    product that is covered by this License, on a durable physical
    medium customarily used for software interchange, for a price no
    more than your reasonable cost of physically performing this
    conveying of source, or (2) access to copy the
    Corresponding Source from a network server at no charge.

    c) Convey individual copies of the object code with a copy of the
    written offer to provide the Corresponding Source.  This
    alternative is allowed only occasionally and noncommercially, and
    only if you received the object code with such an offer, in accord
    with subsection 6b.

    d) Convey the object code by offering access from a designated
    place (gratis or for a charge), and offer equivalent access to the
    Corresponding Source in the same way through the same place at no
    further charge.  You need not require recipients to copy the
    Corresponding Source along with the object code.  If the place to
    copy the object code is a network server, the Corresponding Source
    may be on a different server (operated by you or a third party)
    that supports equivalent copying facilities, provided you maintain
    clear directions next to the object code saying where to find the
    Corresponding Source.  Regardless of what server hosts the
    Corresponding Source, you remain obligated to ensure that it is
    available for as long as needed to satisfy these requirements.

    e) Convey the object code using peer-to-peer transmission, provided
    you inform other peers where the object code and Corresponding
    Source of the work are being offered to the general public at no
    charge under subsection 6d.

  A separable portion of the object code, whose source code is excluded
from the Corresponding Source as a System Library, need not be
included in conveying the object code work.

  A ""User Product"" is either (1) a ""consumer product"", which means any
tangible personal property which is normally used for personal, family,
or household purposes, or (2) anything designed or sold for incorporation
into a dwelling.  In determining whether a product is a consumer product,
doubtful cases shall be resolved in favor of coverage.  For a particular
product received by a particular user, ""normally used"" refers to a
typical or common use of that class of product, regardless of the status
of the particular user or of the way in which the particular user
actually uses, or expects or is expected to use, the product.  A product
is a consumer product regardless of whether the product has substantial
commercial, industrial or non-consumer uses, unless such uses represent
the only significant mode of use of the product.

  ""Installation Information"" for a User Product means any methods,
procedures, authorization keys, or other information required to install
and execute modified versions of a covered work in that User Product from
a modified version of its Corresponding Source.  The information must
suffice to ensure that the continued functioning of the modified object
code is in no case prevented or interfered with solely because
modification has been made.

  If you convey an object code work under this section in, or with, or
specifically for use in, a User Product, and the conveying occurs as
part of a transaction in which the right of possession and use of the
User Product is transferred to the recipient in perpetuity or for a
fixed term (regardless of how the transaction is characterized), the
Corresponding Source conveyed under this section must be accompanied
by the Installation Information.  But this requirement does not apply
if neither you nor any third party retains the ability to install
modified object code on the User Product (for example, the work has
been installed in ROM).

  The requirement to provide Installation Information does not include a
requirement to continue to provide support service, warranty, or updates
for a work that has been modified or installed by the recipient, or for
the User Product in which it has been modified or installed.  Access to a
network may be denied when the modification itself materially and
adversely affects the operation of the network or violates the rules and
protocols for communication across the network.

  Corresponding Source conveyed, and Installation Information provided,
in accord with this section must be in a format that is publicly
documented (and with an implementation available to the public in
source code form), and must require no special password or key for
unpacking, reading or copying.

  7. Additional Terms.

  ""Additional permissions"" are terms that supplement the terms of this
License by making exceptions from one or more of its conditions.
Additional permissions that are applicable to the entire Program shall
be treated as though they were included in this License, to the extent
that they are valid under applicable law.  If additional permissions
apply only to part of the Program, that part may be used separately
under those permissions, but the entire Program remains governed by
this License without regard to the additional permissions.

  When you convey a copy of a covered work, you may at your option
remove any additional permissions from that copy, or from any part of
it.  (Additional permissions may be written to require their own
removal in certain cases when you modify the work.)  You may place
additional permissions on material, added by you to a covered work,
for which you have or can give appropriate copyright permission.

  Notwithstanding any other provision of this License, for material you
add to a covered work, you may (if authorized by the copyright holders of
that material) supplement the terms of this License with terms:

    a) Disclaiming warranty or limiting liability differently from the
    terms of sections 15 and 16 of this License; or

    b) Requiring preservation of specified reasonable legal notices or
    author attributions in that material or in the Appropriate Legal
    Notices displayed by works containing it; or

    c) Prohibiting misrepresentation of the origin of that material, or
    requiring that modified versions of such material be marked in
    reasonable ways as different from the original version; or

    d) Limiting the use for publicity purposes of names of licensors or
    authors of the material; or

    e) Declining to grant rights under trademark law for use of some
    trade names, trademarks, or service marks; or

    f) Requiring indemnification of licensors and authors of that
    material by anyone who conveys the material (or modified versions of
    it) with contractual assumptions of liability to the recipient, for
    any liability that these contractual assumptions directly impose on
    those licensors and authors.

  All other non-permissive additional terms are considered ""further
restrictions"" within the meaning of section 10.  If the Program as you
received it, or any part of it, contains a notice stating that it is
governed by this License along with a term that is a further
restriction, you may remove that term.  If a license document contains
a further restriction but permits relicensing or conveying under this
License, you may add to a covered work material governed by the terms
of that license document, provided that the further restriction does
not survive such relicensing or conveying.

  If you add terms to a covered work in accord with this section, you
must place, in the relevant source files, a statement of the
additional terms that apply to those files, or a notice indicating
where to find the applicable terms.

  Additional terms, permissive or non-permissive, may be stated in the
form of a separately written license, or stated as exceptions;
the above requirements apply either way.

  8. Termination.

  You may not propagate or modify a covered work except as expressly
provided under this License.  Any attempt otherwise to propagate or
modify it is void, and will automatically terminate your rights under
this License (including any patent licenses granted under the third
paragraph of section 11).

  However, if you cease all violation of this License, then your
license from a particular copyright holder is reinstated (a)
provisionally, unless and until the copyright holder explicitly and
finally terminates your license, and (b) permanently, if the copyright
holder fails to notify you of the violation by some reasonable means
prior to 60 days after the cessation.

  Moreover, your license from a particular copyright holder is
reinstated permanently if the copyright holder notifies you of the
violation by some reasonable means, this is the first time you have
received notice of violation of this License (for any work) from that
copyright holder, and you cure the violation prior to 30 days after
your receipt of the notice.

  Termination of your rights under this section does not terminate the
licenses of parties who have received copies or rights from you under
this License.  If your rights have been terminated and not permanently
reinstated, you do not qualify to receive new licenses for the same
material under section 10.

  9. Acceptance Not Required for Having Copies.

  You are not required to accept this License in order to receive or
run a copy of the Program.  Ancillary propagation of a covered work
occurring solely as a consequence of using peer-to-peer transmission
to receive a copy likewise does not require acceptance.  However,
nothing other than this License grants you permission to propagate or
modify any covered work.  These actions infringe copyright if you do
not accept this License.  Therefore, by modifying or propagating a
covered work, you indicate your acceptance of this License to do so.

  10. Automatic Licensing of Downstream Recipients.

  Each time you convey a covered work, the recipient automatically
receives a license from the original licensors, to run, modify and
propagate that work, subject to this License.  You are not responsible
for enforcing compliance by third parties with this License.

  An ""entity transaction"" is a transaction transferring control of an
organization, or substantially all assets of one, or subdividing an
organization, or merging organizations.  If propagation of a covered
work results from an entity transaction, each party to that
transaction who receives a copy of the work also receives whatever
licenses to the work the party's predecessor in interest had or could
give under the previous paragraph, plus a right to possession of the
Corresponding Source of the work from the predecessor in interest, if
the predecessor has it or can get it with reasonable efforts.

  You may not impose any further restrictions on the exercise of the
rights granted or affirmed under this License.  For example, you may
not impose a license fee, royalty, or other charge for exercise of
rights granted under this License, and you may not initiate litigation
(including a cross-claim or counterclaim in a lawsuit) alleging that
any patent claim is infringed by making, using, selling, offering for
sale, or importing the Program or any portion of it.

  11. Patents.

  A ""contributor"" is a copyright holder who authorizes use under this
License of the Program or a work on which the Program is based.  The
work thus licensed is called the contributor's ""contributor version"".

  A contributor's ""essential patent claims"" are all patent claims
owned or controlled by the contributor, whether already acquired or
hereafter acquired, that would be infringed by some manner, permitted
by this License, of making, using, or selling its contributor version,
but do not include claims that would be infringed only as a
consequence of further modification of the contributor version.  For
purposes of this definition, ""control"" includes the right to grant
patent sublicenses in a manner consistent with the requirements of
this License.

  Each contributor grants you a non-exclusive, worldwide, royalty-free
patent license under the contributor's essential patent claims, to
make, use, sell, offer for sale, import and otherwise run, modify and
propagate the contents of its contributor version.

  In the following three paragraphs, a ""patent license"" is any express
agreement or commitment, however denominated, not to enforce a patent
(such as an express permission to practice a patent or covenant not to
sue for patent infringement).  To ""grant"" such a patent license to a
party means to make such an agreement or commitment not to enforce a
patent against the party.

  If you convey a covered work, knowingly relying on a patent license,
and the Corresponding Source of the work is not available for anyone
to copy, free of charge and under the terms of this License, through a
publicly available network server or other readily accessible means,
then you must either (1) cause the Corresponding Source to be so
available, or (2) arrange to deprive yourself of the benefit of the
patent license for this particular work, or (3) arrange, in a manner
consistent with the requirements of this License, to extend the patent
license to downstream recipients.  ""Knowingly relying"" means you have
actual knowledge that, but for the patent license, your conveying the
covered work in a country, or your recipient's use of the covered work
in a country, would infringe one or more identifiable patents in that
country that you have reason to believe are valid.

  If, pursuant to or in connection with a single transaction or
arrangement, you convey, or propagate by procuring conveyance of, a
covered work, and grant a patent license to some of the parties
receiving the covered work authorizing them to use, propagate, modify
or convey a specific copy of the covered work, then the patent license
you grant is automatically extended to all recipients of the covered
work and works based on it.

  A patent license is ""discriminatory"" if it does not include within
the scope of its coverage, prohibits the exercise of, or is
conditioned on the non-exercise of one or more of the rights that are
specifically granted under this License.  You may not convey a covered
work if you are a party to an arrangement with a third party that is
in the business of distributing software, under which you make payment
to the third party based on the extent of your activity of conveying
the work, and under which the third party grants, to any of the
parties who would receive the covered work from you, a discriminatory
patent license (a) in connection with copies of the covered work
conveyed by you (or copies made from those copies), or (b) primarily
for and in connection with specific products or compilations that
contain the covered work, unless you entered into that arrangement,
or that patent license was granted, prior to 28 March 2007.

  Nothing in this License shall be construed as excluding or limiting
any implied license or other defenses to infringement that may
otherwise be available to you under applicable patent law.

  12. No Surrender of Others' Freedom.

  If conditions are imposed on you (whether by court order, agreement or
otherwise) that contradict the conditions of this License, they do not
excuse you from the conditions of this License.  If you cannot convey a
covered work so as to satisfy simultaneously your obligations under this
License and any other pertinent obligations, then as a consequence you may
not convey it at all.  For example, if you agree to terms that obligate you
to collect a royalty for further conveying from those to whom you convey
the Program, the only way you could satisfy both those terms and this
License would be to refrain entirely from conveying the Program.

  13. Use with the GNU Affero General Public License.

  Notwithstanding any other provision of this License, you have
permission to link or combine any covered work with a work licensed
under version 3 of the GNU Affero General Public License into a single
combined work, and to convey the resulting work.  The terms of this
License will continue to apply to the part which is the covered work,
but the special requirements of the GNU Affero General Public License,
section 13, concerning interaction through a network will apply to the
combination as such.

  14. Revised Versions of this License.

  The Free Software Foundation may publish revised and/or new versions of
the GNU General Public License from time to time.  Such new versions will
be similar in spirit to the present version, but may differ in detail to
address new problems or concerns.

  Each version is given a distinguishing version number.  If the
Program specifies that a certain numbered version of the GNU General
Public License ""or any later version"" applies to it, you have the
option of following the terms and conditions either of that numbered
version or of any later version published by the Free Software
Foundation.  If the Program does not specify a version number of the
GNU General Public License, you may choose any version ever published
by the Free Software Foundation.

  If the Program specifies that a proxy can decide which future
versions of the GNU General Public License can be used, that proxy's
public statement of acceptance of a version permanently authorizes you
to choose that version for the Program.

  Later license versions may give you additional or different
permissions.  However, no additional obligations are imposed on any
author or copyright holder as a result of your choosing to follow a
later version.

  15. Disclaimer of Warranty.

  THERE IS NO WARRANTY FOR THE PROGRAM, TO THE EXTENT PERMITTED BY
APPLICABLE LAW.  EXCEPT WHEN OTHERWISE STATED IN WRITING THE COPYRIGHT
HOLDERS AND/OR OTHER PARTIES PROVIDE THE PROGRAM ""AS IS"" WITHOUT WARRANTY
OF ANY KIND, EITHER EXPRESSED OR IMPLIED, INCLUDING, BUT NOT LIMITED TO,
THE IMPLIED WARRANTIES OF MERCHANTABILITY AND FITNESS FOR A PARTICULAR
PURPOSE.  THE ENTIRE RISK AS TO THE QUALITY AND PERFORMANCE OF THE PROGRAM
IS WITH YOU.  SHOULD THE PROGRAM PROVE DEFECTIVE, YOU ASSUME THE COST OF
ALL NECESSARY SERVICING, REPAIR OR CORRECTION.

  16. Limitation of Liability.

  IN NO EVENT UNLESS REQUIRED BY APPLICABLE LAW OR AGREED TO IN WRITING
WILL ANY COPYRIGHT HOLDER, OR ANY OTHER PARTY WHO MODIFIES AND/OR CONVEYS
THE PROGRAM AS PERMITTED ABOVE, BE LIABLE TO YOU FOR DAMAGES, INCLUDING ANY
GENERAL, SPECIAL, INCIDENTAL OR CONSEQUENTIAL DAMAGES ARISING OUT OF THE
USE OR INABILITY TO USE THE PROGRAM (INCLUDING BUT NOT LIMITED TO LOSS OF
DATA OR DATA BEING RENDERED INACCURATE OR LOSSES SUSTAINED BY YOU OR THIRD
PARTIES OR A FAILURE OF THE PROGRAM TO OPERATE WITH ANY OTHER PROGRAMS),
EVEN IF SUCH HOLDER OR OTHER PARTY HAS BEEN ADVISED OF THE POSSIBILITY OF
SUCH DAMAGES.

  17. Interpretation of Sections 15 and 16.

  If the disclaimer of warranty and limitation of liability provided
above cannot be given local legal effect according to their terms,
reviewing courts shall apply local law that most closely approximates
an absolute waiver of all civil liability in connection with the
Program, unless a warranty or assumption of liability accompanies a
copy of the Program in return for a fee.

                     END OF TERMS AND CONDITIONS

            How to Apply These Terms to Your New Programs

  If you develop a new program, and you want it to be of the greatest
possible use to the public, the best way to achieve this is to make it
free software which everyone can redistribute and change under these terms.

  To do so, attach the following notices to the program.  It is safest
to attach them to the start of each source file to most effectively
state the exclusion of warranty; and each file should have at least
the ""copyright"" line and a pointer to where the full notice is found.

    <one line to give the program's name and a brief idea of what it does.>
    Copyright (C) <year>  <name of author>

    This program is free software: you can redistribute it and/or modify
    it under the terms of the GNU General Public License as published by
    the Free Software Foundation, either version 3 of the License, or
    (at your option) any later version.

    This program is distributed in the hope that it will be useful,
    but WITHOUT ANY WARRANTY; without even the implied warranty of
    MERCHANTABILITY or FITNESS FOR A PARTICULAR PURPOSE.  See the
    GNU General Public License for more details.

    You should have received a copy of the GNU General Public License
    along with this program.  If not, see <https://www.gnu.org/licenses/>.

Also add information on how to contact you by electronic and paper mail.

  If the program does terminal interaction, make it output a short
notice like this when it starts in an interactive mode:

    <program>  Copyright (C) <year>  <name of author>
    This program comes with ABSOLUTELY NO WARRANTY; for details type `show w'.
    This is free software, and you are welcome to redistribute it
    under certain conditions; type `show c' for details.

The hypothetical commands `show w' and `show c' should show the appropriate
parts of the General Public License.  Of course, your program's commands
might be different; for a GUI interface, you would use an ""about box"".

  You should also get your employer (if you work as a programmer) or school,
if any, to sign a ""copyright disclaimer"" for the program, if necessary.
For more information on this, and how to apply and follow the GNU GPL, see
<https://www.gnu.org/licenses/>.

  The GNU General Public License does not permit incorporating your program
into proprietary programs.  If your program is a subroutine library, you
may consider it more useful to permit linking proprietary applications with
the library.  If this is what you want to do, use the GNU Lesser General
Public License instead of this License.  But first, please read
<https://www.gnu.org/licenses/why-not-lgpl.html>.

==========================================================================

Gromacs xdrfile library for reading XTC/TRR trajectories
  - lib/formats/src/xdrfile.c
  - lib/formats/src/xdrfile_xtc.c
  - lib/formats/src/xdrfile_trr.c
  - lib/formats/include/xdrfile.h
  - lib/formats/include/xdrfile_xtc.h
  - lib/formats/include/xdrfile_trr.h

Copyright (c) 2009-2014, Erik Lindahl & David van der Spoel
All rights reserved.

Redistribution and use in source and binary forms, with or without
modification, are permitted provided that the following conditions are met:

1. Redistributions of source code must retain the above copyright notice,
this
list of conditions and the following disclaimer.

2. Redistributions in binary form must reproduce the above copyright notice,
this list of conditions and the following disclaimer in the documentation
and/or other materials provided with the distribution.

THIS SOFTWARE IS PROVIDED BY THE COPYRIGHT HOLDERS AND CONTRIBUTORS ""AS IS""
AND ANY EXPRESS OR IMPLIED WARRANTIES, INCLUDING, BUT NOT LIMITED TO, THE
IMPLIED WARRANTIES OF MERCHANTABILITY AND FITNESS FOR A PARTICULAR PURPOSE
ARE
DISCLAIMED. IN NO EVENT SHALL THE COPYRIGHT HOLDER OR CONTRIBUTORS BE LIABLE
FOR ANY DIRECT, INDIRECT, INCIDENTAL, SPECIAL, EXEMPLARY, OR CONSEQUENTIAL
DAMAGES (INCLUDING, BUT NOT LIMITED TO, PROCUREMENT OF SUBSTITUTE GOODS OR
SERVICES; LOSS OF USE, DATA, OR PROFITS; OR BUSINESS INTERRUPTION) HOWEVER
CAUSED AND ON ANY THEORY OF LIABILITY, WHETHER IN CONTRACT, STRICT LIABILITY,
OR TORT (INCLUDING NEGLIGENCE OR OTHERWISE) ARISING IN ANY WAY OUT OF THE USE
OF THIS SOFTWARE, EVEN IF ADVISED OF THE POSSIBILITY OF SUCH DAMAGE.

==========================================================================

CatDCD is released under the UIUC Open Source License:
http://www.ks.uiuc.edu/Development/MDTools/catdcd/license.html

University of Illinois Open Source License
Copyright 2003-2007 Theoretical and Computational Biophysics Group,
All rights reserved.

Developed by:           Theoretical and Computational Biophysics Group
                        University of Illinois at Urbana-Champaign
                        http://www.ks.uiuc.edu/

Permission is hereby granted, free of charge, to any person obtaining a copy of
this software and associated documentation files (the Software), to deal with
the Software without restriction, including without limitation the rights to
use, copy, modify, merge, publish, distribute, sublicense, and/or sell copies
of the Software, and to permit persons to whom the Software is furnished to
do so, subject to the following conditions:

Redistributions of source code must retain the above copyright notice,
this list of conditions and the following disclaimers.

Redistributions in binary form must reproduce the above copyright notice,
this list of conditions and the following disclaimers in the documentation
and/or other materials provided with the distribution.

Neither the names of Theoretical and Computational Biophysics Group,
University of Illinois at Urbana-Champaign, nor the names of its contributors
may be used to endorse or promote products derived from this Software without
specific prior written permission.

THE SOFTWARE IS PROVIDED AS IS, WITHOUT WARRANTY OF ANY KIND, EXPRESS OR
IMPLIED, INCLUDING BUT NOT LIMITED TO THE WARRANTIES OF MERCHANTABILITY,
FITNESS FOR A PARTICULAR PURPOSE AND NONINFRINGEMENT.  IN NO EVENT SHALL
THE CONTRIBUTORS OR COPYRIGHT HOLDERS BE LIABLE FOR ANY CLAIM, DAMAGES OR
OTHER LIABILITY, WHETHER IN AN ACTION OF CONTRACT, TORT OR OTHERWISE,
ARISING FROM, OUT OF OR IN CONNECTION WITH THE SOFTWARE OR THE USE OR
OTHER DEALINGS WITH THE SOFTWARE.

==========================================================================

                 Biopython License Agreement

Permission to use, copy, modify, and distribute this software and its
documentation with or without modifications and for any purpose and
without fee is hereby granted, provided that any copyright notices
appear in all copies and that both those copyright notices and this
permission notice appear in supporting documentation, and that the
names of the contributors or copyright holders not be used in
advertising or publicity pertaining to distribution of the software
without specific prior permission.

THE CONTRIBUTORS AND COPYRIGHT HOLDERS OF THIS SOFTWARE DISCLAIM ALL
WARRANTIES WITH REGARD TO THIS SOFTWARE, INCLUDING ALL IMPLIED
WARRANTIES OF MERCHANTABILITY AND FITNESS, IN NO EVENT SHALL THE
CONTRIBUTORS OR COPYRIGHT HOLDERS BE LIABLE FOR ANY SPECIAL, INDIRECT
OR CONSEQUENTIAL DAMAGES OR ANY DAMAGES WHATSOEVER RESULTING FROM LOSS
OF USE, DATA OR PROFITS, WHETHER IN AN ACTION OF CONTRACT, NEGLIGENCE
OR OTHER TORTIOUS ACTION, ARISING OUT OF OR IN CONNECTION WITH THE USE


==========================================================================

transformations module
  - transformations.py
  - transformations.c

Copyright (c) 2006, Christoph Gohlke
Copyright (c) 2006-2010, The Regents of the University of California
All rights reserved.

Redistribution and use in source and binary forms, with or without
modification, are permitted provided that the following conditions are met:

* Redistributions of source code must retain the above copyright
  notice, this list of conditions and the following disclaimer.
* Redistributions in binary form must reproduce the above copyright
  notice, this list of conditions and the following disclaimer in the
  documentation and/or other materials provided with the distribution.
* Neither the name of the copyright holders nor the names of any
  contributors may be used to endorse or promote products derived
  from this software without specific prior written permission.

THIS SOFTWARE IS PROVIDED BY THE COPYRIGHT HOLDERS AND CONTRIBUTORS ""AS IS""
AND ANY EXPRESS OR IMPLIED WARRANTIES, INCLUDING, BUT NOT LIMITED TO, THE
IMPLIED WARRANTIES OF MERCHANTABILITY AND FITNESS FOR A PARTICULAR PURPOSE
ARE DISCLAIMED.  IN NO EVENT SHALL THE COPYRIGHT OWNER OR CONTRIBUTORS BE
LIABLE FOR ANY DIRECT, INDIRECT, INCIDENTAL, SPECIAL, EXEMPLARY, OR
CONSEQUENTIAL DAMAGES (INCLUDING, BUT NOT LIMITED TO, PROCUREMENT OF
SUBSTITUTE GOODS OR SERVICES; LOSS OF USE, DATA, OR PROFITS; OR BUSINESS
INTERRUPTION) HOWEVER CAUSED AND ON ANY THEORY OF LIABILITY, WHETHER IN
CONTRACT, STRICT LIABILITY, OR TORT (INCLUDING NEGLIGENCE OR OTHERWISE)
ARISING IN ANY WAY OUT OF THE USE OF THIS SOFTWARE, EVEN IF ADVISED OF THE
POSSIBILITY OF SUCH DAMAGE.

==========================================================================

pyqcprot (src/pyqcprot) is released under the following 'BSD 3-clause' licence:

-----------------------------------------------------------------------------
PyQCPROT

    Author(s) of Original Implementation:     
                  Douglas L. Theobald
                  Department of Biochemistry
                  MS 009
                  Brandeis University
                  415 South St
                  Waltham, MA  02453
                  USA

                  dtheobald@brandeis.edu

                  Pu Liu
                  Johnson & Johnson Pharmaceutical Research and Development, L.L.C.
                  665 Stockton Drive
                  Exton, PA  19341
                  USA

                  pliu24@its.jnj.com

                  For the original code written in C see:
                  http://theobald.brandeis.edu/qcp/ 


    Author of Python Port:
                  Joshua L. Adelman
                  Department of Biological Sciences
                  University of Pittsburgh
                  Pittsburgh, PA 15260

                  jla65@pitt.edu


    If you use this QCP rotation calculation method in a publication, please
    reference:

      Douglas L. Theobald (2005)
      ""Rapid calculation of RMSD using a quaternion-based characteristic
      polynomial.""
      Acta Crystallographica A 61(4):478-480.

      Pu Liu, Dmitris K. Agrafiotis, and Douglas L. Theobald (2010)
      ""Fast determination of the optimal rotational matrix for macromolecular 
      superpositions.""
      J. Comput. Chem. 31, 1561-1563. 


    Copyright (c) 2009-2010, Pu Liu and Douglas L. Theobald 
    Copyright (c) 2011       Joshua L. Adelman
    All rights reserved.

    Redistribution and use in source and binary forms, with or without modification, are permitted 
    provided that the following conditions are met:

    * Redistributions of source code must retain the above copyright notice, this list of 
      conditions and the following disclaimer.
    * Redistributions in binary form must reproduce the above copyright notice, this list 
      of conditions and the following disclaimer in the documentation and/or other materials 
      provided with the distribution.
    * Neither the name of the <ORGANIZATION> nor the names of its contributors may be used to 
      endorse or promote products derived from this software without specific prior written 
      permission.

    THIS SOFTWARE IS PROVIDED BY THE COPYRIGHT HOLDERS AND CONTRIBUTORS
    ""AS IS"" AND ANY EXPRESS OR IMPLIED WARRANTIES, INCLUDING, BUT NOT
    LIMITED TO, THE IMPLIED WARRANTIES OF MERCHANTABILITY AND FITNESS FOR A
    PARTICULAR PURPOSE ARE DISCLAIMED. IN NO EVENT SHALL THE COPYRIGHT
    HOLDER OR CONTRIBUTORS BE LIABLE FOR ANY DIRECT, INDIRECT, INCIDENTAL,
    SPECIAL, EXEMPLARY, OR CONSEQUENTIAL DAMAGES (INCLUDING, BUT NOT
    LIMITED TO, PROCUREMENT OF SUBSTITUTE GOODS OR SERVICES; LOSS OF USE,
    DATA, OR PROFITS; OR BUSINESS INTERRUPTION) HOWEVER CAUSED AND ON ANY
    THEORY OF LIABILITY, WHETHER IN CONTRACT, STRICT LIABILITY, OR TORT
    (INCLUDING NEGLIGENCE OR OTHERWISE) ARISING IN ANY WAY OUT OF THE USE
    OF THIS SOFTWARE, EVEN IF ADVISED OF THE POSSIBILITY OF SUCH DAMAGE.


==========================================================================

DSSP module code for protein secondary structure assignment
 - analysis/dssp/pydssp_numpy.py

MIT License

Copyright (c) 2022 Shintaro Minami

Permission is hereby granted, free of charge, to any person obtaining a copy
of this software and associated documentation files (the ""Software""), to deal
in the Software without restriction, including without limitation the rights
to use, copy, modify, merge, publish, distribute, sublicense, and/or sell
copies of the Software, and to permit persons to whom the Software is
furnished to do so, subject to the following conditions:

The above copyright notice and this permission notice shall be included in all
copies or substantial portions of the Software.

THE SOFTWARE IS PROVIDED ""AS IS"", WITHOUT WARRANTY OF ANY KIND, EXPRESS OR
IMPLIED, INCLUDING BUT NOT LIMITED TO THE WARRANTIES OF MERCHANTABILITY,
FITNESS FOR A PARTICULAR PURPOSE AND NONINFRINGEMENT. IN NO EVENT SHALL THE
AUTHORS OR COPYRIGHT HOLDERS BE LIABLE FOR ANY CLAIM, DAMAGES OR OTHER
LIABILITY, WHETHER IN AN ACTION OF CONTRACT, TORT OR OTHERWISE, ARISING FROM,
OUT OF OR IN CONNECTION WITH THE SOFTWARE OR THE USE OR OTHER DEALINGS IN THE
SOFTWARE.

==========================================================================

MDAnalysis logo (see doc/sphinx/source/logos)

The MDAnalysis 'Atom' logo was created by Christian Beckstein and is

Copyright (c) 2011 Christian Beckstein

MDAnalysis Logo 'Atom' by Christian Beckstein is licensed under a
Creative Commons Attribution-NoDerivs 3.0 Unported License.
To view a copy of this license, visit
http://creativecommons.org/licenses/by-nd/3.0/ or send a letter to Creative
Commons, 444 Castro Street, Suite 900, Mountain View, California, 94041, USA.

The logo is contained in the file 'mdanalysis-logo.png'.

Derivatives in the files 'mdanalysis-logo-127x55.png',
'mdanalysis-logo-200x150.png', 'mdanalysis-logo.ico' were created for
inclusion in MDAnalysis and on websites related to MDAnalysis. They
are distributed under the same license as the 'Atom' logo.

==========================================================================",License metadata field (raw),c1403b319f5b9054d3135984948ecd485702d3960a867c491283f836451dc2bd,CADD Suite wheel 08a7b1ef; HEAD 6bd2006; pip 26.2.1; Linux x86_64; CPython 3.12.14; all declared extras resolved together
mdurl,0.1.2,MIT,Official executablebooks/mdurl LICENSE file,84008a41e51615a49fc9966191ff91509e3c40b939176e643fd50a5c2196b8f8,CADD Suite wheel 08a7b1ef; HEAD 6bd2006; pip 26.2.1; Linux x86_64; CPython 3.12.14; all declared extras resolved together
mmtf-python,1.1.3,Apache 2.0,License metadata field (raw),502031c509a8a6d73e042781abbd88b84c1afffe65097eb0c1b70f329ffd1e6e,CADD Suite wheel 08a7b1ef; HEAD 6bd2006; pip 26.2.1; Linux x86_64; CPython 3.12.14; all declared extras resolved together
mrcfile,1.5.4,BSD,License metadata field (raw),195370a13db5ce19600499f9bdf90fd9888979bf39de19a17c19024436c6f4c2,CADD Suite wheel 08a7b1ef; HEAD 6bd2006; pip 26.2.1; Linux x86_64; CPython 3.12.14; all declared extras resolved together
msgpack,1.2.3,Apache-2.0,PEP 639 License-Expression field,ede33b2892ceb976283e009ad12fa1834cfdf1f9c43ee9c97849fc588d00a618,CADD Suite wheel 08a7b1ef; HEAD 6bd2006; pip 26.2.1; Linux x86_64; CPython 3.12.14; all declared extras resolved together
mypy,2.3.1,MIT,PEP 639 License-Expression field,858fc57d3d91fa728e33e7ad71def60fc6272694607b306cd3292db53ae39080,CADD Suite wheel 08a7b1ef; HEAD 6bd2006; pip 26.2.1; Linux x86_64; CPython 3.12.14; all declared extras resolved together
mypy_extensions,1.1.0,MIT,PEP 639 License-Expression field,1be4cccdb0f2482337c4743e60421de3a356cd97508abadd57d47403e94f5505,CADD Suite wheel 08a7b1ef; HEAD 6bd2006; pip 26.2.1; Linux x86_64; CPython 3.12.14; all declared extras resolved together
networkx,3.7,BSD-3-Clause,PEP 639 License-Expression field,e3fd2c13a7814cee3746340d8d7f8598a67f16a58bf47fb7f8793fab6efca1b0,CADD Suite wheel 08a7b1ef; HEAD 6bd2006; pip 26.2.1; Linux x86_64; CPython 3.12.14; all declared extras resolved together
numpy,2.5.3,BSD-3-Clause AND 0BSD AND MIT AND Zlib AND CC0-1.0,PEP 639 License-Expression field,b7e18c623bb5c95acb3b3328861272816ba199fb531921c5d6d0b675f1fde9e3,CADD Suite wheel 08a7b1ef; HEAD 6bd2006; pip 26.2.1; Linux x86_64; CPython 3.12.14; all declared extras resolved together
opentelemetry-api,1.45.0,Apache-2.0,PEP 639 License-Expression field,80e068aba7cd56c8b58512d6a36f8d25cb1dfaa0c0a4cc1c938ccf9f362d9cb3,CADD Suite wheel 08a7b1ef; HEAD 6bd2006; pip 26.2.1; Linux x86_64; CPython 3.12.14; all declared extras resolved together
packaging,26.3,Apache-2.0 OR BSD-2-Clause,PEP 639 License-Expression field,d7193f7c8e4e93f444fde0262bf90af30e16fa0ad0ad44cb553c87339b23cd1c,CADD Suite wheel 08a7b1ef; HEAD 6bd2006; pip 26.2.1; Linux x86_64; CPython 3.12.14; all declared extras resolved together
pathspec,1.1.1,MPL-2.0,pathspec 1.1.1 wheel license file; SHA-256 checked: a00ce642f577bf7f473932318056212bc4f8bfdf53128c78bbd5af0b9b20b189,a00ce642f577bf7f473932318056212bc4f8bfdf53128c78bbd5af0b9b20b189,CADD Suite wheel 08a7b1ef; HEAD 6bd2006; pip 26.2.1; Linux x86_64; CPython 3.12.14; all declared extras resolved together
pillow,12.3.0,MIT-CMU,PEP 639 License-Expression field,78cb2c6865a35ab8ff8b75fd122f6033b92a62c82801110e48ddd6c936a45d91,CADD Suite wheel 08a7b1ef; HEAD 6bd2006; pip 26.2.1; Linux x86_64; CPython 3.12.14; all declared extras resolved together
platformdirs,4.12.2,MIT,PEP 639 License-Expression field,29dbf06d96c500bc6bdbce75fb0a14d63279c93b1842f97e72a135b33e856983,CADD Suite wheel 08a7b1ef; HEAD 6bd2006; pip 26.2.1; Linux x86_64; CPython 3.12.14; all declared extras resolved together
pluggy,1.6.0,MIT,License metadata field (raw),e920276dd6813095e9377c0bc5566d94c932c33b27a3e3945d8389c374dd4746,CADD Suite wheel 08a7b1ef; HEAD 6bd2006; pip 26.2.1; Linux x86_64; CPython 3.12.14; all declared extras resolved together
pooch,1.9.0,BSD-3-Clause,PEP 639 License-Expression field,f265597baa9f760d25ceb29d0beb8186c243d6607b0f60b83ecf14078dbc703b,CADD Suite wheel 08a7b1ef; HEAD 6bd2006; pip 26.2.1; Linux x86_64; CPython 3.12.14; all declared extras resolved together
pydantic,2.13.5,MIT,PEP 639 License-Expression field,346a034f080da3755d8e9cb5e00e8b07de1d39e4f6e2c87d8ab7cafa0b269a73,CADD Suite wheel 08a7b1ef; HEAD 6bd2006; pip 26.2.1; Linux x86_64; CPython 3.12.14; all declared extras resolved together
pydantic_core,2.46.5,MIT,PEP 639 License-Expression field,0fc5be0abd4a407e200d844b404e33639a554e7bd0d448e7b9ae181be4789ac2,CADD Suite wheel 08a7b1ef; HEAD 6bd2006; pip 26.2.1; Linux x86_64; CPython 3.12.14; all declared extras resolved together
Pygments,2.21.0,BSD-2-Clause,PEP 639 License-Expression field,2363c69b61c4a97c838da3b130dcd6468f4848992b21a82f2a63ec34377137d9,CADD Suite wheel 08a7b1ef; HEAD 6bd2006; pip 26.2.1; Linux x86_64; CPython 3.12.14; all declared extras resolved together
pyparsing,3.3.3,MIT,PEP 639 License-Expression field,ece8c00a69cf01b45d0b1dedabb469c90d8caf996d4fda40f147627a122849a4,CADD Suite wheel 08a7b1ef; HEAD 6bd2006; pip 26.2.1; Linux x86_64; CPython 3.12.14; all declared extras resolved together
pytest,9.1.1,MIT,PEP 639 License-Expression field,37a86b45efb9a47a61a36449063e8e18d0cab3161329fc099eb21783169c4f0c,CADD Suite wheel 08a7b1ef; HEAD 6bd2006; pip 26.2.1; Linux x86_64; CPython 3.12.14; all declared extras resolved together
pytest-cov,7.1.0,MIT,PEP 639 License-Expression field,a0461110b7865f9a271aa1b51e516c9a95de9d696734a2f71e3e78f46e1d4678,CADD Suite wheel 08a7b1ef; HEAD 6bd2006; pip 26.2.1; Linux x86_64; CPython 3.12.14; all declared extras resolved together
python-dateutil,2.9.0.post0,Dual License,License metadata field (raw),a8b2bc7bffae282281c8140a97d3aa9c14da0b136dfe83f850eea9a5f7470427,CADD Suite wheel 08a7b1ef; HEAD 6bd2006; pip 26.2.1; Linux x86_64; CPython 3.12.14; all declared extras resolved together
pyvista,0.49.0,MIT,PEP 639 License-Expression field,8528b753baf9a32dd7a44f4e88912fe5c8771f7d921c813e1cbac35fc5a37996,CADD Suite wheel 08a7b1ef; HEAD 6bd2006; pip 26.2.1; Linux x86_64; CPython 3.12.14; all declared extras resolved together
pyvista-validation,0.2.2,MIT,PEP 639 License-Expression field,a45b633b89d843329db1608ba2bbed75d075ab63c5a7427c8dfa9ad9c23eadb4,CADD Suite wheel 08a7b1ef; HEAD 6bd2006; pip 26.2.1; Linux x86_64; CPython 3.12.14; all declared extras resolved together
PyYAML,6.0.3,MIT,License metadata field (raw),ba1cc08a7ccde2d2ec775841541641e4548226580ab850948cbfda66a1befcdc,CADD Suite wheel 08a7b1ef; HEAD 6bd2006; pip 26.2.1; Linux x86_64; CPython 3.12.14; all declared extras resolved together
rdkit,2025.9.6,BSD-3-Clause,License metadata field (raw),6be95b735c428ba27badf39e92078133d3a505f872d0a31467ba577d73c57676,CADD Suite wheel 08a7b1ef; HEAD 6bd2006; pip 26.2.1; Linux x86_64; CPython 3.12.14; all declared extras resolved together
reportlab,5.0.1,"BSD license (see license.txt for details), Copyright (c) 2000-2025, ReportLab Inc.",License metadata field (raw),1c36e6bb0e71780c72331eba60da7f602e8d4389a8723825af71342e49d791e8,CADD Suite wheel 08a7b1ef; HEAD 6bd2006; pip 26.2.1; Linux x86_64; CPython 3.12.14; all declared extras resolved together
requests,2.34.2,Apache-2.0,License metadata field (raw),2a0d60c172f83ac6ab31e4554906c0f3b3588d37b5cb939b1c061f4907e278e0,CADD Suite wheel 08a7b1ef; HEAD 6bd2006; pip 26.2.1; Linux x86_64; CPython 3.12.14; all declared extras resolved together
rich,15.0.0,MIT,License metadata field (raw),33bd4ef74232fb73fe9279a257718407f169c09b78a87ad3d296f548e27de0bb,CADD Suite wheel 08a7b1ef; HEAD 6bd2006; pip 26.2.1; Linux x86_64; CPython 3.12.14; all declared extras resolved together
rich-rst,2.2.0,MIT,PEP 639 License-Expression field,1ea1c43813dc4a8d86475fce27ffb74e0ada3d4656c9f8130ba2a59868055fe9,CADD Suite wheel 08a7b1ef; HEAD 6bd2006; pip 26.2.1; Linux x86_64; CPython 3.12.14; all declared extras resolved together
ruff,0.16.9,MIT,PEP 639 License-Expression field,a21713e629d3e5bdb2f5c2def1cc7f04f47fa8e1a7eb0571b4a28e1da64bc728,CADD Suite wheel 08a7b1ef; HEAD 6bd2006; pip 26.2.1; Linux x86_64; CPython 3.12.14; all declared extras resolved together
scikit-image,0.26.0,"Files: *
 Copyright: 2009-2022 the scikit-image team
 License: BSD-3-Clause

 Files: doc/source/themes/scikit-image/layout.html
 Copyright: 2007-2010 the Sphinx team
 License: BSD-3-Clause

 Files: skimage/feature/_canny.py
        skimage/filters/edges.py
        skimage/filters/_rank_order.py
        skimage/morphology/_skeletonize.py
        skimage/morphology/tests/test_watershed.py
        skimage/morphology/watershed.py
        skimage/segmentation/heap_general.pxi
        skimage/segmentation/heap_watershed.pxi
        skimage/segmentation/_watershed.py
        skimage/segmentation/_watershed_cy.pyx
 Copyright: 2003-2009 Massachusetts Institute of Technology
            2009-2011 Broad Institute
            2003 Lee Kamentsky
            2003-2005 Peter J. Verveer
 License: BSD-3-Clause

 Files: skimage/filters/thresholding.py
        skimage/graph/_mcp.pyx
        skimage/graph/heap.pyx
 Copyright: 2009-2015 Board of Regents of the University of
            Wisconsin-Madison, Broad Institute of MIT and Harvard,
            and Max Planck Institute of Molecular Cell Biology and
            Genetics
            2009 Zachary Pincus
            2009 Almar Klein
 License: BSD-2-Clause

 File: skimage/morphology/grayreconstruct.py
       skimage/morphology/tests/test_reconstruction.py
 Copyright: 2003-2009 Massachusetts Institute of Technology
            2009-2011 Broad Institute
            2003 Lee Kamentsky
 License: BSD-3-Clause

 File: skimage/morphology/_grayreconstruct.pyx
 Copyright: 2003-2009 Massachusetts Institute of Technology
            2009-2011 Broad Institute
            2003 Lee Kamentsky
            2022 Gregory Lee (added a 64-bit integer variant for large images)
 License: BSD-3-Clause

 File: skimage/segmentation/_expand_labels.py
 Copyright: 2020 Broad Institute
            2020 CellProfiler team
 License: BSD-3-Clause

 File: skimage/exposure/_adapthist.py
 Copyright: 1994 Karel Zuiderveld
 License: BSD-3-Clause

 Function: skimage/morphology/_skeletonize_various_cy.pyx:_skeletonize_loop
 Copyright: 2003-2009 Massachusetts Institute of Technology
            2009-2011 Broad Institute
            2003 Lee Kamentsky
 License: BSD-3-Clause

 Function: skimage/_shared/version_requirements.py:_check_version
 Copyright: 2013 The IPython Development Team
 License: BSD-3-Clause

 Function: skimage/_shared/version_requirements.py:is_installed
 Copyright: 2009-2011 Pierre Raybaut
 License: MIT

 File: skimage/feature/_fisher_vector.py
 Copyright: 2014 2014 Dan Oneata
 License: MIT

 File: skimage/_vendored/numpy_lookfor.py
 Copyright: 2005-2023, NumPy Developers
 License: BSD-3-Clause

 File: skimage/transform/_thin_plate_splines.py
 Copyright: 2007 Zachary Pincus
 License: BSD-3-Clause

 License: BSD-2-Clause

 Redistribution and use in source and binary forms, with or without
 modification, are permitted provided that the following conditions
 are met:
 1. Redistributions of source code must retain the above copyright
    notice, this list of conditions and the following disclaimer.
 2. Redistributions in binary form must reproduce the above copyright
    notice, this list of conditions and the following disclaimer in the
    documentation and/or other materials provided with the distribution.
 .
 THIS SOFTWARE IS PROVIDED BY THE COPYRIGHT HOLDERS AND CONTRIBUTORS
 ``AS IS'' AND ANY EXPRESS OR IMPLIED WARRANTIES, INCLUDING, BUT NOT
 LIMITED TO, THE IMPLIED WARRANTIES OF MERCHANTABILITY AND FITNESS FOR
 A PARTICULAR PURPOSE ARE DISCLAIMED. IN NO EVENT SHALL THE HOLDERS OR
 CONTRIBUTORS BE LIABLE FOR ANY DIRECT, INDIRECT, INCIDENTAL, SPECIAL,
 EXEMPLARY, OR CONSEQUENTIAL DAMAGES (INCLUDING, BUT NOT LIMITED TO,
 PROCUREMENT OF SUBSTITUTE GOODS OR SERVICES; LOSS OF USE, DATA, OR
 PROFITS; OR BUSINESS INTERRUPTION) HOWEVER CAUSED AND ON ANY THEORY OF
 LIABILITY, WHETHER IN CONTRACT, STRICT LIABILITY, OR TORT (INCLUDING
 NEGLIGENCE OR OTHERWISE) ARISING IN ANY WAY OUT OF THE USE OF THIS
 SOFTWARE, EVEN IF ADVISED OF THE POSSIBILITY OF SUCH DAMAGE.

 License: BSD-3-Clause

 Redistribution and use in source and binary forms, with or without
 modification, are permitted provided that the following conditions
 are met:
 1. Redistributions of source code must retain the above copyright
    notice, this list of conditions and the following disclaimer.
 2. Redistributions in binary form must reproduce the above copyright
    notice, this list of conditions and the following disclaimer in the
    documentation and/or other materials provided with the distribution.
 3. Neither the name of the University nor the names of its contributors
    may be used to endorse or promote products derived from this software
    without specific prior written permission.
 .
 THIS SOFTWARE IS PROVIDED BY THE COPYRIGHT HOLDERS AND CONTRIBUTORS
 ``AS IS'' AND ANY EXPRESS OR IMPLIED WARRANTIES, INCLUDING, BUT NOT
 LIMITED TO, THE IMPLIED WARRANTIES OF MERCHANTABILITY AND FITNESS FOR
 A PARTICULAR PURPOSE ARE DISCLAIMED. IN NO EVENT SHALL THE HOLDERS OR
 CONTRIBUTORS BE LIABLE FOR ANY DIRECT, INDIRECT, INCIDENTAL, SPECIAL,
 EXEMPLARY, OR CONSEQUENTIAL DAMAGES (INCLUDING, BUT NOT LIMITED TO,
 PROCUREMENT OF SUBSTITUTE GOODS OR SERVICES; LOSS OF USE, DATA, OR
 PROFITS; OR BUSINESS INTERRUPTION) HOWEVER CAUSED AND ON ANY THEORY OF
 LIABILITY, WHETHER IN CONTRACT, STRICT LIABILITY, OR TORT (INCLUDING
 NEGLIGENCE OR OTHERWISE) ARISING IN ANY WAY OUT OF THE USE OF THIS
 SOFTWARE, EVEN IF ADVISED OF THE POSSIBILITY OF SUCH DAMAGE.

 License: MIT

 Permission is hereby granted, free of charge, to any person obtaining a copy
 of this software and associated documentation files (the ""Software""), to deal
 in the Software without restriction, including without limitation the rights
 to use, copy, modify, merge, publish, distribute, sublicense, and/or sell
 copies of the Software, and to permit persons to whom the Software is
 furnished to do so, subject to the following conditions:

 The above copyright notice and this permission notice shall be included in all
 copies or substantial portions of the Software.

 THE SOFTWARE IS PROVIDED ""AS IS"", WITHOUT WARRANTY OF ANY KIND, EXPRESS OR
 IMPLIED, INCLUDING BUT NOT LIMITED TO THE WARRANTIES OF MERCHANTABILITY,
 FITNESS FOR A PARTICULAR PURPOSE AND NONINFRINGEMENT. IN NO EVENT SHALL THE
 AUTHORS OR COPYRIGHT HOLDERS BE LIABLE FOR ANY CLAIM, DAMAGES OR OTHER
 LIABILITY, WHETHER IN AN ACTION OF CONTRACT, TORT OR OTHERWISE, ARISING FROM,
 OUT OF OR IN CONNECTION WITH THE SOFTWARE OR THE USE OR OTHER DEALINGS IN THE
 SOFTWARE.",License metadata field (raw),7df650e79031634ac90b11e64a9eedaf5a5e06fcd09bcd03a34be01745744466,CADD Suite wheel 08a7b1ef; HEAD 6bd2006; pip 26.2.1; Linux x86_64; CPython 3.12.14; all declared extras resolved together
scipy,1.18.1,"Copyright (c) 2001-2002 Enthought, Inc. 2003, SciPy Developers.
 All rights reserved.

 Redistribution and use in source and binary forms, with or without
 modification, are permitted provided that the following conditions
 are met:

 1. Redistributions of source code must retain the above copyright
    notice, this list of conditions and the following disclaimer.

 2. Redistributions in binary form must reproduce the above
    copyright notice, this list of conditions and the following
    disclaimer in the documentation and/or other materials provided
    with the distribution.

 3. Neither the name of the copyright holder nor the names of its
    contributors may be used to endorse or promote products derived
    from this software without specific prior written permission.

 THIS SOFTWARE IS PROVIDED BY THE COPYRIGHT HOLDERS AND CONTRIBUTORS
 ""AS IS"" AND ANY EXPRESS OR IMPLIED WARRANTIES, INCLUDING, BUT NOT
 LIMITED TO, THE IMPLIED WARRANTIES OF MERCHANTABILITY AND FITNESS FOR
 A PARTICULAR PURPOSE ARE DISCLAIMED. IN NO EVENT SHALL THE COPYRIGHT
 OWNER OR CONTRIBUTORS BE LIABLE FOR ANY DIRECT, INDIRECT, INCIDENTAL,
 SPECIAL, EXEMPLARY, OR CONSEQUENTIAL DAMAGES (INCLUDING, BUT NOT
 LIMITED TO, PROCUREMENT OF SUBSTITUTE GOODS OR SERVICES; LOSS OF USE,
 DATA, OR PROFITS; OR BUSINESS INTERRUPTION) HOWEVER CAUSED AND ON ANY
 THEORY OF LIABILITY, WHETHER IN CONTRACT, STRICT LIABILITY, OR TORT
 (INCLUDING NEGLIGENCE OR OTHERWISE) ARISING IN ANY WAY OUT OF THE USE
 OF THIS SOFTWARE, EVEN IF ADVISED OF THE POSSIBILITY OF SUCH DAMAGE.

 ----


 ----

 This binary distribution of SciPy can also bundle the following software
 (depending on the build):


 Name: OpenBLAS
 Files: scipy.libs/libscipy_openblas*.so
 Description: bundled as a dynamically linked library
 Availability: https://github.com/OpenMathLib/OpenBLAS/
 License: BSD-3-Clause
   Copyright (c) 2011-2014, The OpenBLAS Project
   All rights reserved.

   Redistribution and use in source and binary forms, with or without
   modification, are permitted provided that the following conditions are
   met:

      1. Redistributions of source code must retain the above copyright
         notice, this list of conditions and the following disclaimer.

      2. Redistributions in binary form must reproduce the above copyright
         notice, this list of conditions and the following disclaimer in
         the documentation and/or other materials provided with the
         distribution.
      3. Neither the name of the OpenBLAS project nor the names of 
         its contributors may be used to endorse or promote products 
         derived from this software without specific prior written 
         permission.

   THIS SOFTWARE IS PROVIDED BY THE COPYRIGHT HOLDERS AND CONTRIBUTORS ""AS IS""
   AND ANY EXPRESS OR IMPLIED WARRANTIES, INCLUDING, BUT NOT LIMITED TO, THE
   IMPLIED WARRANTIES OF MERCHANTABILITY AND FITNESS FOR A PARTICULAR PURPOSE
   ARE DISCLAIMED. IN NO EVENT SHALL THE COPYRIGHT OWNER OR CONTRIBUTORS BE
   LIABLE FOR ANY DIRECT, INDIRECT, INCIDENTAL, SPECIAL, EXEMPLARY, OR CONSEQUENTIAL
   DAMAGES (INCLUDING, BUT NOT LIMITED TO, PROCUREMENT OF SUBSTITUTE GOODS OR
   SERVICES; LOSS OF USE, DATA, OR PROFITS; OR BUSINESS INTERRUPTION) HOWEVER
   CAUSED AND ON ANY THEORY OF LIABILITY, WHETHER IN CONTRACT, STRICT LIABILITY,
   OR TORT (INCLUDING NEGLIGENCE OR OTHERWISE) ARISING IN ANY WAY OUT OF THE
   USE OF THIS SOFTWARE, EVEN IF ADVISED OF THE POSSIBILITY OF SUCH DAMAGE.


 Name: LAPACK
 Files: scipy.libs/libscipy_openblas*.so
 Description: bundled in OpenBLAS
 Availability: https://github.com/OpenMathLib/OpenBLAS/
 License: BSD-3-Clause-Open-MPI
   Copyright (c) 1992-2013 The University of Tennessee and The University
                           of Tennessee Research Foundation.  All rights
                           reserved.
   Copyright (c) 2000-2013 The University of California Berkeley. All
                           rights reserved.
   Copyright (c) 2006-2013 The University of Colorado Denver.  All rights
                           reserved.

   $COPYRIGHT$

   Additional copyrights may follow

   $HEADER$

   Redistribution and use in source and binary forms, with or without
   modification, are permitted provided that the following conditions are
   met:

   - Redistributions of source code must retain the above copyright
     notice, this list of conditions and the following disclaimer.

   - Redistributions in binary form must reproduce the above copyright
     notice, this list of conditions and the following disclaimer listed
     in this license in the documentation and/or other materials
     provided with the distribution.

   - Neither the name of the copyright holders nor the names of its
     contributors may be used to endorse or promote products derived from
     this software without specific prior written permission.

   The copyright holders provide no reassurances that the source code
   provided does not infringe any patent, copyright, or any other
   intellectual property rights of third parties.  The copyright holders
   disclaim any liability to any recipient for claims brought against
   recipient by any third party for infringement of that parties
   intellectual property rights.

   THIS SOFTWARE IS PROVIDED BY THE COPYRIGHT HOLDERS AND CONTRIBUTORS
   ""AS IS"" AND ANY EXPRESS OR IMPLIED WARRANTIES, INCLUDING, BUT NOT
   LIMITED TO, THE IMPLIED WARRANTIES OF MERCHANTABILITY AND FITNESS FOR
   A PARTICULAR PURPOSE ARE DISCLAIMED. IN NO EVENT SHALL THE COPYRIGHT
   OWNER OR CONTRIBUTORS BE LIABLE FOR ANY DIRECT, INDIRECT, INCIDENTAL,
   SPECIAL, EXEMPLARY, OR CONSEQUENTIAL DAMAGES (INCLUDING, BUT NOT
   LIMITED TO, PROCUREMENT OF SUBSTITUTE GOODS OR SERVICES; LOSS OF USE,
   DATA, OR PROFITS; OR BUSINESS INTERRUPTION) HOWEVER CAUSED AND ON ANY
   THEORY OF LIABILITY, WHETHER IN CONTRACT, STRICT LIABILITY, OR TORT
   (INCLUDING NEGLIGENCE OR OTHERWISE) ARISING IN ANY WAY OUT OF THE USE
   OF THIS SOFTWARE, EVEN IF ADVISED OF THE POSSIBILITY OF SUCH DAMAGE.


 Name: GCC runtime library
 Files: scipy.libs/libgfortran*.so
 Description: dynamically linked to files compiled with gcc
 Availability: https://gcc.gnu.org/git/?p=gcc.git;a=tree;f=libgfortran
 License: GPL-3.0-or-later WITH GCC-exception-3.1
   Copyright (C) 2002-2017 Free Software Foundation, Inc.

   Libgfortran is free software; you can redistribute it and/or modify
   it under the terms of the GNU General Public License as published by
   the Free Software Foundation; either version 3, or (at your option)
   any later version.

   Libgfortran is distributed in the hope that it will be useful,
   but WITHOUT ANY WARRANTY; without even the implied warranty of
   MERCHANTABILITY or FITNESS FOR A PARTICULAR PURPOSE.  See the
   GNU General Public License for more details.

   Under Section 7 of GPL version 3, you are granted additional
   permissions described in the GCC Runtime Library Exception, version
   3.1, as published by the Free Software Foundation.

   You should have received a copy of the GNU General Public License and
   a copy of the GCC Runtime Library Exception along with this program;
   see the files COPYING3 and COPYING.RUNTIME respectively.  If not, see
   <http://www.gnu.org/licenses/>.

 ----

 Full text of license texts referred to above follows (that they are
 listed below does not necessarily imply the conditions apply to the
 present binary release):

 ----

 GCC RUNTIME LIBRARY EXCEPTION

 Version 3.1, 31 March 2009

 Copyright (C) 2009 Free Software Foundation, Inc. <http://fsf.org/>

 Everyone is permitted to copy and distribute verbatim copies of this
 license document, but changing it is not allowed.

 This GCC Runtime Library Exception (""Exception"") is an additional
 permission under section 7 of the GNU General Public License, version
 3 (""GPLv3""). It applies to a given file (the ""Runtime Library"") that
 bears a notice placed by the copyright holder of the file stating that
 the file is governed by GPLv3 along with this Exception.

 When you use GCC to compile a program, GCC may combine portions of
 certain GCC header files and runtime libraries with the compiled
 program. The purpose of this Exception is to allow compilation of
 non-GPL (including proprietary) programs to use, in this way, the
 header files and runtime libraries covered by this Exception.

 0. Definitions.

 A file is an ""Independent Module"" if it either requires the Runtime
 Library for execution after a Compilation Process, or makes use of an
 interface provided by the Runtime Library, but is not otherwise based
 on the Runtime Library.

 ""GCC"" means a version of the GNU Compiler Collection, with or without
 modifications, governed by version 3 (or a specified later version) of
 the GNU General Public License (GPL) with the option of using any
 subsequent versions published by the FSF.

 ""GPL-compatible Software"" is software whose conditions of propagation,
 modification and use would permit combination with GCC in accord with
 the license of GCC.

 ""Target Code"" refers to output from any compiler for a real or virtual
 target processor architecture, in executable form or suitable for
 input to an assembler, loader, linker and/or execution
 phase. Notwithstanding that, Target Code does not include data in any
 format that is used as a compiler intermediate representation, or used
 for producing a compiler intermediate representation.

 The ""Compilation Process"" transforms code entirely represented in
 non-intermediate languages designed for human-written code, and/or in
 Java Virtual Machine byte code, into Target Code. Thus, for example,
 use of source code generators and preprocessors need not be considered
 part of the Compilation Process, since the Compilation Process can be
 understood as starting with the output of the generators or
 preprocessors.

 A Compilation Process is ""Eligible"" if it is done using GCC, alone or
 with other GPL-compatible software, or if it is done without using any
 work based on GCC. For example, using non-GPL-compatible Software to
 optimize any GCC intermediate representations would not qualify as an
 Eligible Compilation Process.

 1. Grant of Additional Permission.

 You have permission to propagate a work of Target Code formed by
 combining the Runtime Library with Independent Modules, even if such
 propagation would otherwise violate the terms of GPLv3, provided that
 all Target Code was generated by Eligible Compilation Processes. You
 may then convey such a combination under terms of your choice,
 consistent with the licensing of the Independent Modules.

 2. No Weakening of GCC Copyleft.

 The availability of this Exception does not imply any general
 presumption that third-party software is unaffected by the copyleft
 requirements of the license of GCC.

 ----

                     GNU GENERAL PUBLIC LICENSE
                        Version 3, 29 June 2007

  Copyright (C) 2007 Free Software Foundation, Inc. <http://fsf.org/>
  Everyone is permitted to copy and distribute verbatim copies
  of this license document, but changing it is not allowed.

                             Preamble

   The GNU General Public License is a free, copyleft license for
 software and other kinds of works.

   The licenses for most software and other practical works are designed
 to take away your freedom to share and change the works.  By contrast,
 the GNU General Public License is intended to guarantee your freedom to
 share and change all versions of a program--to make sure it remains free
 software for all its users.  We, the Free Software Foundation, use the
 GNU General Public License for most of our software; it applies also to
 any other work released this way by its authors.  You can apply it to
 your programs, too.

   When we speak of free software, we are referring to freedom, not
 price.  Our General Public Licenses are designed to make sure that you
 have the freedom to distribute copies of free software (and charge for
 them if you wish), that you receive source code or can get it if you
 want it, that you can change the software or use pieces of it in new
 free programs, and that you know you can do these things.

   To protect your rights, we need to prevent others from denying you
 these rights or asking you to surrender the rights.  Therefore, you have
 certain responsibilities if you distribute copies of the software, or if
 you modify it: responsibilities to respect the freedom of others.

   For example, if you distribute copies of such a program, whether
 gratis or for a fee, you must pass on to the recipients the same
 freedoms that you received.  You must make sure that they, too, receive
 or can get the source code.  And you must show them these terms so they
 know their rights.

   Developers that use the GNU GPL protect your rights with two steps:
 (1) assert copyright on the software, and (2) offer you this License
 giving you legal permission to copy, distribute and/or modify it.

   For the developers' and authors' protection, the GPL clearly explains
 that there is no warranty for this free software.  For both users' and
 authors' sake, the GPL requires that modified versions be marked as
 changed, so that their problems will not be attributed erroneously to
 authors of previous versions.

   Some devices are designed to deny users access to install or run
 modified versions of the software inside them, although the manufacturer
 can do so.  This is fundamentally incompatible with the aim of
 protecting users' freedom to change the software.  The systematic
 pattern of such abuse occurs in the area of products for individuals to
 use, which is precisely where it is most unacceptable.  Therefore, we
 have designed this version of the GPL to prohibit the practice for those
 products.  If such problems arise substantially in other domains, we
 stand ready to extend this provision to those domains in future versions
 of the GPL, as needed to protect the freedom of users.

   Finally, every program is threatened constantly by software patents.
 States should not allow patents to restrict development and use of
 software on general-purpose computers, but in those that do, we wish to
 avoid the special danger that patents applied to a free program could
 make it effectively proprietary.  To prevent this, the GPL assures that
 patents cannot be used to render the program non-free.

   The precise terms and conditions for copying, distribution and
 modification follow.

                        TERMS AND CONDITIONS

   0. Definitions.

   ""This License"" refers to version 3 of the GNU General Public License.

   ""Copyright"" also means copyright-like laws that apply to other kinds of
 works, such as semiconductor masks.

   ""The Program"" refers to any copyrightable work licensed under this
 License.  Each licensee is addressed as ""you"".  ""Licensees"" and
 ""recipients"" may be individuals or organizations.

   To ""modify"" a work means to copy from or adapt all or part of the work
 in a fashion requiring copyright permission, other than the making of an
 exact copy.  The resulting work is called a ""modified version"" of the
 earlier work or a work ""based on"" the earlier work.

   A ""covered work"" means either the unmodified Program or a work based
 on the Program.

   To ""propagate"" a work means to do anything with it that, without
 permission, would make you directly or secondarily liable for
 infringement under applicable copyright law, except executing it on a
 computer or modifying a private copy.  Propagation includes copying,
 distribution (with or without modification), making available to the
 public, and in some countries other activities as well.

   To ""convey"" a work means any kind of propagation that enables other
 parties to make or receive copies.  Mere interaction with a user through
 a computer network, with no transfer of a copy, is not conveying.

   An interactive user interface displays ""Appropriate Legal Notices""
 to the extent that it includes a convenient and prominently visible
 feature that (1) displays an appropriate copyright notice, and (2)
 tells the user that there is no warranty for the work (except to the
 extent that warranties are provided), that licensees may convey the
 work under this License, and how to view a copy of this License.  If
 the interface presents a list of user commands or options, such as a
 menu, a prominent item in the list meets this criterion.

   1. Source Code.

   The ""source code"" for a work means the preferred form of the work
 for making modifications to it.  ""Object code"" means any non-source
 form of a work.

   A ""Standard Interface"" means an interface that either is an official
 standard defined by a recognized standards body, or, in the case of
 interfaces specified for a particular programming language, one that
 is widely used among developers working in that language.

   The ""System Libraries"" of an executable work include anything, other
 than the work as a whole, that (a) is included in the normal form of
 packaging a Major Component, but which is not part of that Major
 Component, and (b) serves only to enable use of the work with that
 Major Component, or to implement a Standard Interface for which an
 implementation is available to the public in source code form.  A
 ""Major Component"", in this context, means a major essential component
 (kernel, window system, and so on) of the specific operating system
 (if any) on which the executable work runs, or a compiler used to
 produce the work, or an object code interpreter used to run it.

   The ""Corresponding Source"" for a work in object code form means all
 the source code needed to generate, install, and (for an executable
 work) run the object code and to modify the work, including scripts to
 control those activities.  However, it does not include the work's
 System Libraries, or general-purpose tools or generally available free
 programs which are used unmodified in performing those activities but
 which are not part of the work.  For example, Corresponding Source
 includes interface definition files associated with source files for
 the work, and the source code for shared libraries and dynamically
 linked subprograms that the work is specifically designed to require,
 such as by intimate data communication or control flow between those
 subprograms and other parts of the work.

   The Corresponding Source need not include anything that users
 can regenerate automatically from other parts of the Corresponding
 Source.

   The Corresponding Source for a work in source code form is that
 same work.

   2. Basic Permissions.

   All rights granted under this License are granted for the term of
 copyright on the Program, and are irrevocable provided the stated
 conditions are met.  This License explicitly affirms your unlimited
 permission to run the unmodified Program.  The output from running a
 covered work is covered by this License only if the output, given its
 content, constitutes a covered work.  This License acknowledges your
 rights of fair use or other equivalent, as provided by copyright law.

   You may make, run and propagate covered works that you do not
 convey, without conditions so long as your license otherwise remains
 in force.  You may convey covered works to others for the sole purpose
 of having them make modifications exclusively for you, or provide you
 with facilities for running those works, provided that you comply with
 the terms of this License in conveying all material for which you do
 not control copyright.  Those thus making or running the covered works
 for you must do so exclusively on your behalf, under your direction
 and control, on terms that prohibit them from making any copies of
 your copyrighted material outside their relationship with you.

   Conveying under any other circumstances is permitted solely under
 the conditions stated below.  Sublicensing is not allowed; section 10
 makes it unnecessary.

   3. Protecting Users' Legal Rights From Anti-Circumvention Law.

   No covered work shall be deemed part of an effective technological
 measure under any applicable law fulfilling obligations under article
 11 of the WIPO copyright treaty adopted on 20 December 1996, or
 similar laws prohibiting or restricting circumvention of such
 measures.

   When you convey a covered work, you waive any legal power to forbid
 circumvention of technological measures to the extent such circumvention
 is effected by exercising rights under this License with respect to
 the covered work, and you disclaim any intention to limit operation or
 modification of the work as a means of enforcing, against the work's
 users, your or third parties' legal rights to forbid circumvention of
 technological measures.

   4. Conveying Verbatim Copies.

   You may convey verbatim copies of the Program's source code as you
 receive it, in any medium, provided that you conspicuously and
 appropriately publish on each copy an appropriate copyright notice;
 keep intact all notices stating that this License and any
 non-permissive terms added in accord with section 7 apply to the code;
 keep intact all notices of the absence of any warranty; and give all
 recipients a copy of this License along with the Program.

   You may charge any price or no price for each copy that you convey,
 and you may offer support or warranty protection for a fee.

   5. Conveying Modified Source Versions.

   You may convey a work based on the Program, or the modifications to
 produce it from the Program, in the form of source code under the
 terms of section 4, provided that you also meet all of these conditions:

     a) The work must carry prominent notices stating that you modified
     it, and giving a relevant date.

     b) The work must carry prominent notices stating that it is
     released under this License and any conditions added under section
     7.  This requirement modifies the requirement in section 4 to
     ""keep intact all notices"".

     c) You must license the entire work, as a whole, under this
     License to anyone who comes into possession of a copy.  This
     License will therefore apply, along with any applicable section 7
     additional terms, to the whole of the work, and all its parts,
     regardless of how they are packaged.  This License gives no
     permission to license the work in any other way, but it does not
     invalidate such permission if you have separately received it.

     d) If the work has interactive user interfaces, each must display
     Appropriate Legal Notices; however, if the Program has interactive
     interfaces that do not display Appropriate Legal Notices, your
     work need not make them do so.

   A compilation of a covered work with other separate and independent
 works, which are not by their nature extensions of the covered work,
 and which are not combined with it such as to form a larger program,
 in or on a volume of a storage or distribution medium, is called an
 ""aggregate"" if the compilation and its resulting copyright are not
 used to limit the access or legal rights of the compilation's users
 beyond what the individual works permit.  Inclusion of a covered work
 in an aggregate does not cause this License to apply to the other
 parts of the aggregate.

   6. Conveying Non-Source Forms.

   You may convey a covered work in object code form under the terms
 of sections 4 and 5, provided that you also convey the
 machine-readable Corresponding Source under the terms of this License,
 in one of these ways:

     a) Convey the object code in, or embodied in, a physical product
     (including a physical distribution medium), accompanied by the
     Corresponding Source fixed on a durable physical medium
     customarily used for software interchange.

     b) Convey the object code in, or embodied in, a physical product
     (including a physical distribution medium), accompanied by a
     written offer, valid for at least three years and valid for as
     long as you offer spare parts or customer support for that product
     model, to give anyone who possesses the object code either (1) a
     copy of the Corresponding Source for all the software in the
     product that is covered by this License, on a durable physical
     medium customarily used for software interchange, for a price no
     more than your reasonable cost of physically performing this
     conveying of source, or (2) access to copy the
     Corresponding Source from a network server at no charge.

     c) Convey individual copies of the object code with a copy of the
     written offer to provide the Corresponding Source.  This
     alternative is allowed only occasionally and noncommercially, and
     only if you received the object code with such an offer, in accord
     with subsection 6b.

     d) Convey the object code by offering access from a designated
     place (gratis or for a charge), and offer equivalent access to the
     Corresponding Source in the same way through the same place at no
     further charge.  You need not require recipients to copy the
     Corresponding Source along with the object code.  If the place to
     copy the object code is a network server, the Corresponding Source
     may be on a different server (operated by you or a third party)
     that supports equivalent copying facilities, provided you maintain
     clear directions next to the object code saying where to find the
     Corresponding Source.  Regardless of what server hosts the
     Corresponding Source, you remain obligated to ensure that it is
     available for as long as needed to satisfy these requirements.

     e) Convey the object code using peer-to-peer transmission, provided
     you inform other peers where the object code and Corresponding
     Source of the work are being offered to the general public at no
     charge under subsection 6d.

   A separable portion of the object code, whose source code is excluded
 from the Corresponding Source as a System Library, need not be
 included in conveying the object code work.

   A ""User Product"" is either (1) a ""consumer product"", which means any
 tangible personal property which is normally used for personal, family,
 or household purposes, or (2) anything designed or sold for incorporation
 into a dwelling.  In determining whether a product is a consumer product,
 doubtful cases shall be resolved in favor of coverage.  For a particular
 product received by a particular user, ""normally used"" refers to a
 typical or common use of that class of product, regardless of the status
 of the particular user or of the way in which the particular user
 actually uses, or expects or is expected to use, the product.  A product
 is a consumer product regardless of whether the product has substantial
 commercial, industrial or non-consumer uses, unless such uses represent
 the only significant mode of use of the product.

   ""Installation Information"" for a User Product means any methods,
 procedures, authorization keys, or other information required to install
 and execute modified versions of a covered work in that User Product from
 a modified version of its Corresponding Source.  The information must
 suffice to ensure that the continued functioning of the modified object
 code is in no case prevented or interfered with solely because
 modification has been made.

   If you convey an object code work under this section in, or with, or
 specifically for use in, a User Product, and the conveying occurs as
 part of a transaction in which the right of possession and use of the
 User Product is transferred to the recipient in perpetuity or for a
 fixed term (regardless of how the transaction is characterized), the
 Corresponding Source conveyed under this section must be accompanied
 by the Installation Information.  But this requirement does not apply
 if neither you nor any third party retains the ability to install
 modified object code on the User Product (for example, the work has
 been installed in ROM).

   The requirement to provide Installation Information does not include a
 requirement to continue to provide support service, warranty, or updates
 for a work that has been modified or installed by the recipient, or for
 the User Product in which it has been modified or installed.  Access to a
 network may be denied when the modification itself materially and
 adversely affects the operation of the network or violates the rules and
 protocols for communication across the network.

   Corresponding Source conveyed, and Installation Information provided,
 in accord with this section must be in a format that is publicly
 documented (and with an implementation available to the public in
 source code form), and must require no special password or key for
 unpacking, reading or copying.

   7. Additional Terms.

   ""Additional permissions"" are terms that supplement the terms of this
 License by making exceptions from one or more of its conditions.
 Additional permissions that are applicable to the entire Program shall
 be treated as though they were included in this License, to the extent
 that they are valid under applicable law.  If additional permissions
 apply only to part of the Program, that part may be used separately
 under those permissions, but the entire Program remains governed by
 this License without regard to the additional permissions.

   When you convey a copy of a covered work, you may at your option
 remove any additional permissions from that copy, or from any part of
 it.  (Additional permissions may be written to require their own
 removal in certain cases when you modify the work.)  You may place
 additional permissions on material, added by you to a covered work,
 for which you have or can give appropriate copyright permission.

   Notwithstanding any other provision of this License, for material you
 add to a covered work, you may (if authorized by the copyright holders of
 that material) supplement the terms of this License with terms:

     a) Disclaiming warranty or limiting liability differently from the
     terms of sections 15 and 16 of this License; or

     b) Requiring preservation of specified reasonable legal notices or
     author attributions in that material or in the Appropriate Legal
     Notices displayed by works containing it; or

     c) Prohibiting misrepresentation of the origin of that material, or
     requiring that modified versions of such material be marked in
     reasonable ways as different from the original version; or

     d) Limiting the use for publicity purposes of names of licensors or
     authors of the material; or

     e) Declining to grant rights under trademark law for use of some
     trade names, trademarks, or service marks; or

     f) Requiring indemnification of licensors and authors of that
     material by anyone who conveys the material (or modified versions of
     it) with contractual assumptions of liability to the recipient, for
     any liability that these contractual assumptions directly impose on
     those licensors and authors.

   All other non-permissive additional terms are considered ""further
 restrictions"" within the meaning of section 10.  If the Program as you
 received it, or any part of it, contains a notice stating that it is
 governed by this License along with a term that is a further
 restriction, you may remove that term.  If a license document contains
 a further restriction but permits relicensing or conveying under this
 License, you may add to a covered work material governed by the terms
 of that license document, provided that the further restriction does
 not survive such relicensing or conveying.

   If you add terms to a covered work in accord with this section, you
 must place, in the relevant source files, a statement of the
 additional terms that apply to those files, or a notice indicating
 where to find the applicable terms.

   Additional terms, permissive or non-permissive, may be stated in the
 form of a separately written license, or stated as exceptions;
 the above requirements apply either way.

   8. Termination.

   You may not propagate or modify a covered work except as expressly
 provided under this License.  Any attempt otherwise to propagate or
 modify it is void, and will automatically terminate your rights under
 this License (including any patent licenses granted under the third
 paragraph of section 11).

   However, if you cease all violation of this License, then your
 license from a particular copyright holder is reinstated (a)
 provisionally, unless and until the copyright holder explicitly and
 finally terminates your license, and (b) permanently, if the copyright
 holder fails to notify you of the violation by some reasonable means
 prior to 60 days after the cessation.

   Moreover, your license from a particular copyright holder is
 reinstated permanently if the copyright holder notifies you of the
 violation by some reasonable means, this is the first time you have
 received notice of violation of this License (for any work) from that
 copyright holder, and you cure the violation prior to 30 days after
 your receipt of the notice.

   Termination of your rights under this section does not terminate the
 licenses of parties who have received copies or rights from you under
 this License.  If your rights have been terminated and not permanently
 reinstated, you do not qualify to receive new licenses for the same
 material under section 10.

   9. Acceptance Not Required for Having Copies.

   You are not required to accept this License in order to receive or
 run a copy of the Program.  Ancillary propagation of a covered work
 occurring solely as a consequence of using peer-to-peer transmission
 to receive a copy likewise does not require acceptance.  However,
 nothing other than this License grants you permission to propagate or
 modify any covered work.  These actions infringe copyright if you do
 not accept this License.  Therefore, by modifying or propagating a
 covered work, you indicate your acceptance of this License to do so.

   10. Automatic Licensing of Downstream Recipients.

   Each time you convey a covered work, the recipient automatically
 receives a license from the original licensors, to run, modify and
 propagate that work, subject to this License.  You are not responsible
 for enforcing compliance by third parties with this License.

   An ""entity transaction"" is a transaction transferring control of an
 organization, or substantially all assets of one, or subdividing an
 organization, or merging organizations.  If propagation of a covered
 work results from an entity transaction, each party to that
 transaction who receives a copy of the work also receives whatever
 licenses to the work the party's predecessor in interest had or could
 give under the previous paragraph, plus a right to possession of the
 Corresponding Source of the work from the predecessor in interest, if
 the predecessor has it or can get it with reasonable efforts.

   You may not impose any further restrictions on the exercise of the
 rights granted or affirmed under this License.  For example, you may
 not impose a license fee, royalty, or other charge for exercise of
 rights granted under this License, and you may not initiate litigation
 (including a cross-claim or counterclaim in a lawsuit) alleging that
 any patent claim is infringed by making, using, selling, offering for
 sale, or importing the Program or any portion of it.

   11. Patents.

   A ""contributor"" is a copyright holder who authorizes use under this
 License of the Program or a work on which the Program is based.  The
 work thus licensed is called the contributor's ""contributor version"".

   A contributor's ""essential patent claims"" are all patent claims
 owned or controlled by the contributor, whether already acquired or
 hereafter acquired, that would be infringed by some manner, permitted
 by this License, of making, using, or selling its contributor version,
 but do not include claims that would be infringed only as a
 consequence of further modification of the contributor version.  For
 purposes of this definition, ""control"" includes the right to grant
 patent sublicenses in a manner consistent with the requirements of
 this License.

   Each contributor grants you a non-exclusive, worldwide, royalty-free
 patent license under the contributor's essential patent claims, to
 make, use, sell, offer for sale, import and otherwise run, modify and
 propagate the contents of its contributor version.

   In the following three paragraphs, a ""patent license"" is any express
 agreement or commitment, however denominated, not to enforce a patent
 (such as an express permission to practice a patent or covenant not to
 sue for patent infringement).  To ""grant"" such a patent license to a
 party means to make such an agreement or commitment not to enforce a
 patent against the party.

   If you convey a covered work, knowingly relying on a patent license,
 and the Corresponding Source of the work is not available for anyone
 to copy, free of charge and under the terms of this License, through a
 publicly available network server or other readily accessible means,
 then you must either (1) cause the Corresponding Source to be so
 available, or (2) arrange to deprive yourself of the benefit of the
 patent license for this particular work, or (3) arrange, in a manner
 consistent with the requirements of this License, to extend the patent
 license to downstream recipients.  ""Knowingly relying"" means you have
 actual knowledge that, but for the patent license, your conveying the
 covered work in a country, or your recipient's use of the covered work
 in a country, would infringe one or more identifiable patents in that
 country that you have reason to believe are valid.

   If, pursuant to or in connection with a single transaction or
 arrangement, you convey, or propagate by procuring conveyance of, a
 covered work, and grant a patent license to some of the parties
 receiving the covered work authorizing them to use, propagate, modify
 or convey a specific copy of the covered work, then the patent license
 you grant is automatically extended to all recipients of the covered
 work and works based on it.

   A patent license is ""discriminatory"" if it does not include within
 the scope of its coverage, prohibits the exercise of, or is
 conditioned on the non-exercise of one or more of the rights that are
 specifically granted under this License.  You may not convey a covered
 work if you are a party to an arrangement with a third party that is
 in the business of distributing software, under which you make payment
 to the third party based on the extent of your activity of conveying
 the work, and under which the third party grants, to any of the
 parties who would receive the covered work from you, a discriminatory
 patent license (a) in connection with copies of the covered work
 conveyed by you (or copies made from those copies), or (b) primarily
 for and in connection with specific products or compilations that
 contain the covered work, unless you entered into that arrangement,
 or that patent license was granted, prior to 28 March 2007.

   Nothing in this License shall be construed as excluding or limiting
 any implied license or other defenses to infringement that may
 otherwise be available to you under applicable patent law.

   12. No Surrender of Others' Freedom.

   If conditions are imposed on you (whether by court order, agreement or
 otherwise) that contradict the conditions of this License, they do not
 excuse you from the conditions of this License.  If you cannot convey a
 covered work so as to satisfy simultaneously your obligations under this
 License and any other pertinent obligations, then as a consequence you may
 not convey it at all.  For example, if you agree to terms that obligate you
 to collect a royalty for further conveying from those to whom you convey
 the Program, the only way you could satisfy both those terms and this
 License would be to refrain entirely from conveying the Program.

   13. Use with the GNU Affero General Public License.

   Notwithstanding any other provision of this License, you have
 permission to link or combine any covered work with a work licensed
 under version 3 of the GNU Affero General Public License into a single
 combined work, and to convey the resulting work.  The terms of this
 License will continue to apply to the part which is the covered work,
 but the special requirements of the GNU Affero General Public License,
 section 13, concerning interaction through a network will apply to the
 combination as such.

   14. Revised Versions of this License.

   The Free Software Foundation may publish revised and/or new versions of
 the GNU General Public License from time to time.  Such new versions will
 be similar in spirit to the present version, but may differ in detail to
 address new problems or concerns.

   Each version is given a distinguishing version number.  If the
 Program specifies that a certain numbered version of the GNU General
 Public License ""or any later version"" applies to it, you have the
 option of following the terms and conditions either of that numbered
 version or of any later version published by the Free Software
 Foundation.  If the Program does not specify a version number of the
 GNU General Public License, you may choose any version ever published
 by the Free Software Foundation.

   If the Program specifies that a proxy can decide which future
 versions of the GNU General Public License can be used, that proxy's
 public statement of acceptance of a version permanently authorizes you
 to choose that version for the Program.

   Later license versions may give you additional or different
 permissions.  However, no additional obligations are imposed on any
 author or copyright holder as a result of your choosing to follow a
 later version.

   15. Disclaimer of Warranty.

   THERE IS NO WARRANTY FOR THE PROGRAM, TO THE EXTENT PERMITTED BY
 APPLICABLE LAW.  EXCEPT WHEN OTHERWISE STATED IN WRITING THE COPYRIGHT
 HOLDERS AND/OR OTHER PARTIES PROVIDE THE PROGRAM ""AS IS"" WITHOUT WARRANTY
 OF ANY KIND, EITHER EXPRESSED OR IMPLIED, INCLUDING, BUT NOT LIMITED TO,
 THE IMPLIED WARRANTIES OF MERCHANTABILITY AND FITNESS FOR A PARTICULAR
 PURPOSE.  THE ENTIRE RISK AS TO THE QUALITY AND PERFORMANCE OF THE PROGRAM
 IS WITH YOU.  SHOULD THE PROGRAM PROVE DEFECTIVE, YOU ASSUME THE COST OF
 ALL NECESSARY SERVICING, REPAIR OR CORRECTION.

   16. Limitation of Liability.

   IN NO EVENT UNLESS REQUIRED BY APPLICABLE LAW OR AGREED TO IN WRITING
 WILL ANY COPYRIGHT HOLDER, OR ANY OTHER PARTY WHO MODIFIES AND/OR CONVEYS
 THE PROGRAM AS PERMITTED ABOVE, BE LIABLE TO YOU FOR DAMAGES, INCLUDING ANY
 GENERAL, SPECIAL, INCIDENTAL OR CONSEQUENTIAL DAMAGES ARISING OUT OF THE
 USE OR INABILITY TO USE THE PROGRAM (INCLUDING BUT NOT LIMITED TO LOSS OF
 DATA OR DATA BEING RENDERED INACCURATE OR LOSSES SUSTAINED BY YOU OR THIRD
 PARTIES OR A FAILURE OF THE PROGRAM TO OPERATE WITH ANY OTHER PROGRAMS),
 EVEN IF SUCH HOLDER OR OTHER PARTY HAS BEEN ADVISED OF THE POSSIBILITY OF
 SUCH DAMAGES.

   17. Interpretation of Sections 15 and 16.

   If the disclaimer of warranty and limitation of liability provided
 above cannot be given local legal effect according to their terms,
 reviewing courts shall apply local law that most closely approximates
 an absolute waiver of all civil liability in connection with the
 Program, unless a warranty or assumption of liability accompanies a
 copy of the Program in return for a fee.

                      END OF TERMS AND CONDITIONS

             How to Apply These Terms to Your New Programs

   If you develop a new program, and you want it to be of the greatest
 possible use to the public, the best way to achieve this is to make it
 free software which everyone can redistribute and change under these terms.

   To do so, attach the following notices to the program.  It is safest
 to attach them to the start of each source file to most effectively
 state the exclusion of warranty; and each file should have at least
 the ""copyright"" line and a pointer to where the full notice is found.

     <one line to give the program's name and a brief idea of what it does.>
     Copyright (C) <year>  <name of author>

     This program is free software: you can redistribute it and/or modify
     it under the terms of the GNU General Public License as published by
     the Free Software Foundation, either version 3 of the License, or
     (at your option) any later version.

     This program is distributed in the hope that it will be useful,
     but WITHOUT ANY WARRANTY; without even the implied warranty of
     MERCHANTABILITY or FITNESS FOR A PARTICULAR PURPOSE.  See the
     GNU General Public License for more details.

     You should have received a copy of the GNU General Public License
     along with this program.  If not, see <http://www.gnu.org/licenses/>.

 Also add information on how to contact you by electronic and paper mail.

   If the program does terminal interaction, make it output a short
 notice like this when it starts in an interactive mode:

     <program>  Copyright (C) <year>  <name of author>
     This program comes with ABSOLUTELY NO WARRANTY; for details type `show w'.
     This is free software, and you are welcome to redistribute it
     under certain conditions; type `show c' for details.

 The hypothetical commands `show w' and `show c' should show the appropriate
 parts of the General Public License.  Of course, your program's commands
 might be different; for a GUI interface, you would use an ""about box"".

   You should also get your employer (if you work as a programmer) or school,
 if any, to sign a ""copyright disclaimer"" for the program, if necessary.
 For more information on this, and how to apply and follow the GNU GPL, see
 <http://www.gnu.org/licenses/>.

   The GNU General Public License does not permit incorporating your program
 into proprietary programs.  If your program is a subroutine library, you
 may consider it more useful to permit linking proprietary applications with
 the library.  If this is what you want to do, use the GNU Lesser General
 Public License instead of this License.  But first, please read
 <http://www.gnu.org/philosophy/why-not-lgpl.html>.


 Name: libquadmath
 Files: scipy.libs/libquadmath*.so
 Description: dynamically linked to files compiled with gcc
 Availability: https://gcc.gnu.org/git/?p=gcc.git;a=tree;f=libquadmath
 License: LGPL-2.1-or-later

     GCC Quad-Precision Math Library
     Copyright (C) 2010-2019 Free Software Foundation, Inc.
     Written by Francois-Xavier Coudert  <fxcoudert@gcc.gnu.org>

     This file is part of the libquadmath library.
     Libquadmath is free software; you can redistribute it and/or
     modify it under the terms of the GNU Library General Public
     License as published by the Free Software Foundation; either
     version 2.1 of the License, or (at your option) any later version.

     Libquadmath is distributed in the hope that it will be useful,
     but WITHOUT ANY WARRANTY; without even the implied warranty of
     MERCHANTABILITY or FITNESS FOR A PARTICULAR PURPOSE.  See the GNU
     Lesser General Public License for more details.
     https://www.gnu.org/licenses/old-licenses/lgpl-2.1.html",License metadata field (raw),f55fa87b6c612ecd6b058f167c53231b1d14e412efe361d3d6e38b3631c73218,CADD Suite wheel 08a7b1ef; HEAD 6bd2006; pip 26.2.1; Linux x86_64; CPython 3.12.14; all declared extras resolved together
scooby,0.12.0,MIT,PEP 639 License-Expression field,65dea5b32006ef554aea9e945032c0c448eaacada96078187681e24f0a2fe8fa,CADD Suite wheel 08a7b1ef; HEAD 6bd2006; pip 26.2.1; Linux x86_64; CPython 3.12.14; all declared extras resolved together
shellingham,1.5.4,ISC License,License metadata field (raw),7ecfff8f2fd72616f7481040475a65b2bf8af90a56c89140852d1120324e8686,CADD Suite wheel 08a7b1ef; HEAD 6bd2006; pip 26.2.1; Linux x86_64; CPython 3.12.14; all declared extras resolved together
six,1.17.0,MIT,License metadata field (raw),4721f391ed90541fddacab5acf947aa0d3dc7d27b2e1e8eda2be8970586c3274,CADD Suite wheel 08a7b1ef; HEAD 6bd2006; pip 26.2.1; Linux x86_64; CPython 3.12.14; all declared extras resolved together
sortedcontainers,2.4.0,Apache 2.0,License metadata field (raw),a163dcaede0f1c021485e957a39245190e74249897e2ae4b2aa38595db237ee0,CADD Suite wheel 08a7b1ef; HEAD 6bd2006; pip 26.2.1; Linux x86_64; CPython 3.12.14; all declared extras resolved together
SQLAlchemy,2.0.54,MIT,License metadata field (raw),68d994e9b0d0423a02a20039631fa6fcbb7fa829a992f7605025774940305d19,CADD Suite wheel 08a7b1ef; HEAD 6bd2006; pip 26.2.1; Linux x86_64; CPython 3.12.14; all declared extras resolved together
starlette,1.7.0,BSD-3-Clause,PEP 639 License-Expression field,67f8e99895493dd2911a03f11314af6ceebeae4e704bb9f43dfc6a9db151c93e,CADD Suite wheel 08a7b1ef; HEAD 6bd2006; pip 26.2.1; Linux x86_64; CPython 3.12.14; all declared extras resolved together
threadpoolctl,3.7.0,BSD-3-Clause,PEP 639 License-Expression field,cd8b60b5641b45c67bbf73c64c843235fc2d8a480c87389f52f5dbee893b86be,CADD Suite wheel 08a7b1ef; HEAD 6bd2006; pip 26.2.1; Linux x86_64; CPython 3.12.14; all declared extras resolved together
tifffile,2026.9.20,BSD-3-Clause,License metadata field (raw),9b913167b8f66a57f2e7c0454486c4c4607196d494797461226166bd0755c0e6,CADD Suite wheel 08a7b1ef; HEAD 6bd2006; pip 26.2.1; Linux x86_64; CPython 3.12.14; all declared extras resolved together
tqdm,4.70.1,MPL-2.0 AND MIT,License metadata field (raw),c293e525e6fef9c20e8728fd4612df02a0aa31bb5fe91ecd93e123b1b7bffa73,CADD Suite wheel 08a7b1ef; HEAD 6bd2006; pip 26.2.1; Linux x86_64; CPython 3.12.14; all declared extras resolved together
typer,0.27.2,MIT,PEP 639 License-Expression field,b3a5fc4342d5fc8fda8fc3010b1cf117e9249aab7fae800c2eff62fd3842d97d,CADD Suite wheel 08a7b1ef; HEAD 6bd2006; pip 26.2.1; Linux x86_64; CPython 3.12.14; all declared extras resolved together
types-PyYAML,6.0.12.20260906,Apache-2.0,PEP 639 License-Expression field,bca893ff0d51df5c9053137d5d0e6ccd36e939a196356f1d5c16372422f5137b,CADD Suite wheel 08a7b1ef; HEAD 6bd2006; pip 26.2.1; Linux x86_64; CPython 3.12.14; all declared extras resolved together
typing-inspection,0.4.4,MIT,PEP 639 License-Expression field,65b8397ba37ccbce054456aaccddfc91e6e3083c92824df348d96ca832f3f147,CADD Suite wheel 08a7b1ef; HEAD 6bd2006; pip 26.2.1; Linux x86_64; CPython 3.12.14; all declared extras resolved together
typing_extensions,4.16.0,PSF-2.0,PEP 639 License-Expression field,481caa481374e813c1b176ada14e97f1f67a4539ce9cfeb3f350d78d6370c2e8,CADD Suite wheel 08a7b1ef; HEAD 6bd2006; pip 26.2.1; Linux x86_64; CPython 3.12.14; all declared extras resolved together
urllib3,2.8.0,MIT,PEP 639 License-Expression field,0cf3cae568d36aa9576b28dfb35f11328f1cb974ca7647d9475ebb86c75ac6e3,CADD Suite wheel 08a7b1ef; HEAD 6bd2006; pip 26.2.1; Linux x86_64; CPython 3.12.14; all declared extras resolved together
uvicorn,0.54.0,BSD-3-Clause,PEP 639 License-Expression field,505bdb0f318731d45f1f712071fc781a8981f6847a31c902c9f5e652d4f67faf,CADD Suite wheel 08a7b1ef; HEAD 6bd2006; pip 26.2.1; Linux x86_64; CPython 3.12.14; all declared extras resolved together
vtk,9.7.1,BSD,License metadata field (raw),04740a3bc2d492327d650fb9c4a9ff54e80f3a064d5ce677ef48c3b08fa96bcd,CADD Suite wheel 08a7b1ef; HEAD 6bd2006; pip 26.2.1; Linux x86_64; CPython 3.12.14; all declared extras resolved together
